replica,m1_lam,m1_chi2ndf,m1_ok,m2_ls,m2_ll,m2_As,m2_Al,m2_chi2ndf,m2_ok,m3_lam,m3_C,m3_chi2ndf,m3_ok,m4_lam,m4_chi2ndf,m4_ok
1,29.8831,1858.74,1,10.6191,41.0086,1791.86,319.449,30.0986,1,20.5893,13.0747,728.82,1,38.6266,76.7146,1
2,29.6592,2349.91,1,8.90935,39.9357,2108.7,351.817,86.6288,1,20.7184,11.4,860.084,1,39.4782,59.7588,1
3,31.0662,1834.36,1,8.37785,37.9335,2487.95,390.686,64.3959,1,20.2452,14.3907,1022.01,1,37.3969,68.594,1
4,29.1106,2363.95,1,9.50179,39.4946,1918.36,358.897,60.4642,1,19.1658,13.5417,966.4,1,38.9241,77.1131,1
5,28.9601,1340.36,1,9.87075,38.5432,1779.99,368.705,26.9933,1,20.3718,15.7454,476.465,1,36.4013,59.697,1
6,34.0449,1736.07,1,9.41333,40.8899,2329.93,327.601,49.8819,1,21.4691,10.9027,854.323,1,39.8311,55.3376,1
7,30.6582,3068.11,1,9.15081,39.6008,2176.29,357.655,63.8547,1,17.9659,13.5515,913.28,1,37.7185,89.8778,1
8,28.3077,2158.29,1,8.74759,38.4289,2089.61,382.482,103.341,1,20.2818,13.2975,912.373,1,38.269,69.2382,1
9,30.7349,2263.71,1,7.40672,36.8388,2417.52,431.59,114.609,1,19.4285,14.0509,1060.82,1,37.0721,106.991,1
10,32.7061,1301.06,1,9.67723,39.5285,1892.33,359.941,39.4208,1,21.481,11.8064,485.677,1,37.5377,83.0163,1
11,28.7781,1148.37,1,11.4569,41.4274,1484.57,308.262,17.3926,1,22.14,12.0526,313.955,1,37.3165,96.0188,1
12,30.1681,1847.95,1,9.81054,39.394,1833.08,360.512,30.8587,1,20.2598,12.8657,665.37,1,36.8464,98.475,1
13,27.7546,2954.66,1,8.40808,38.3548,2255.94,385.88,103.933,1,18.794,14.4274,1455.15,1,39.6764,35.5825,1
14,26.73,3156.44,1,8.22315,38.2219,2289.41,385.987,137.365,1,18.9517,14.0701,1565.2,1,40.3375,34.1086,1
15,31.2236,1421.69,1,10.9558,41.2495,1630.31,320.082,34.083,1,21.711,11.0121,513.91,1,37.1838,133.948,1
16,27.5,1771.64,1,8.93304,38.1385,2058.65,380.217,46.84,1,20.3718,15.3338,899.819,1,38.6575,29.4705,1
17,29.8252,1189.14,1,9.70563,38.8222,1860.25,366.439,45.8697,1,22.1001,12.7207,520.511,1,36.225,101.94,1
18,30.1695,1633.04,1,8.44956,38.6086,2240.83,380.19,92.3208,1,21.9885,11.438,683.963,1,38.1154,89.7174,1
19,29.9257,1863.64,1,8.73988,39.8342,2223.46,349.214,86.5926,1,22.1212,10.9247,914.102,1,39.6579,62.0089,1
20,29.3985,1491.83,1,8.31346,37.6862,2243.99,397.857,86.3897,1,21.6574,13.0063,665.199,1,36.7939,93.0594,1
21,28.2259,2168.13,1,8.37128,36.9521,2115.31,418.688,95.7661,1,19.3164,15.5292,994.13,1,36.7971,94.5361,1
22,27.7375,2011.27,1,10.1479,40.0716,1839.45,337.657,47.0432,1,20.0304,13.8116,687.708,1,38.5581,54.5209,1
23,29.2339,1934.39,1,8.60034,37.7842,2136.38,392.99,71.2563,1,19.588,15.6393,779.077,1,36.3117,79.3211,1
24,28.5055,2098.06,1,7.96842,38.0318,2181.58,395.916,83.6161,1,20.1091,13.3102,706.471,1,37.5263,70.1211,1
25,24.9074,2489.88,1,9.41861,39.5941,1917.95,356.008,45.3029,1,19.4208,13.243,883.608,1,38.0153,102.02,1
26,31.606,1567.67,1,8.83362,39.5985,2224.71,355.053,86.8894,1,22.3231,11.0747,678.959,1,39.001,71.9827,1
27,30.013,2199.86,1,8.56246,38.4838,2235.55,382.287,72.5469,1,20.0869,13.6075,1069.02,1,37.7956,75.5081,1
28,32.6979,1531.1,1,9.7563,40.5914,2206.85,329.302,64.3626,1,22.2376,11.238,842.739,1,38.3328,85.9443,1
29,29.8199,2178.66,1,10.1288,40.5713,1871.69,332.543,20.0467,1,19.9424,12.9666,678.71,1,38.9663,42.125,1
30,29.6373,2190.32,1,8.80922,38.9094,2136,369.814,86.4786,1,20.092,13.4723,961.792,1,40.0052,21.279,1
31,29.711,2203.58,1,8.29669,37.9526,2177.51,402.545,89.4287,1,19.9272,13.0955,986.665,1,38.0943,84.6643,1
32,29.3511,2153.75,1,9.2753,39.3416,2034.03,358.605,95.7498,1,20.5187,12.8927,971.043,1,39.1008,50.794,1
33,32.7995,1090.92,1,9.10444,39.4754,2469.98,352.217,48.2924,1,23.7925,10.9177,642.659,1,38.5625,65.8558,1
34,27.9941,1830.36,1,9.89799,39.6382,1806.1,348.286,40.2795,1,20.6404,13.1071,630.03,1,37.9032,69.9507,1
35,27.3592,3060.17,1,8.15176,38.2508,2199.43,393.197,123.057,1,18.5386,13.8062,1297.47,1,37.846,103.076,1
36,26.0725,2533.56,1,7.99185,37.8257,2275.47,394.02,118.383,1,19.862,13.9954,1250.76,1,39.7119,40.8722,1
37,32.1915,1418.26,1,10.5426,41.1748,1780.72,319.264,55.4565,1,22.3216,10.7743,540.763,1,38.9037,96.0521,1
38,27.759,2205.21,1,8.13913,39.4099,2283.63,356.121,57.9502,1,20.2428,12.9333,747.575,1,39.0984,36.9861,1
39,27.6695,2929.42,1,8.12159,37.4213,2149.73,413.596,112.533,1,18.3729,14.4533,1136.78,1,38.5535,82.4696,1
40,31.1415,1595.54,1,8.67108,37.8342,2260.38,397.733,62.7106,1,20.8599,13.8401,906.102,1,37.3274,66.1577,1
41,28.8616,1145.96,1,9.57719,37.9622,1799.26,384.311,55.0573,1,21.8099,13.4275,524.657,1,35.6655,99.0252,1
42,28.8815,2571.64,1,8.79255,38.2181,2074.44,388.703,102.174,1,18.8648,14.2879,994.495,1,37.6877,96.8924,1
43,32.6916,704.917,1,11.3474,41.8347,1527.48,301.891,7.35298,1,24.0586,10.349,152.055,1,39.8523,19.9572,1
44,29.0762,2028.73,1,8.48679,38.9513,2169.08,375.84,85.578,1,21.0773,11.641,761.191,1,38.6495,69.7116,1
45,27.6021,3106.29,1,9.0073,40.0834,2279.39,345.258,82.4107,1,19.4332,12.8506,1405.9,1,39.3918,73.3823,1
46,28.8619,2798.31,1,8.10363,37.5035,2231.63,412.486,118.599,1,18.6856,14.0828,1221.46,1,37.3122,96.0996,1
47,28.7108,2570.17,1,9.11584,38.3133,2111.76,380.023,72.3476,1,17.6325,16.7039,1272.87,1,36.5603,94.6973,1
48,33.6598,640.41,1,12.7173,43.2149,1392.01,276.023,9.51859,1,23.6164,10.5656,212.743,1,37.0121,102.234,1
49,27.5199,3156.63,1,8.20805,38.423,2241.24,391.471,126.377,1,18.8114,13.0727,1317.15,1,39.7522,31.536,1
50,29.3679,1719.58,1,10.5151,40.6366,1736.05,326.513,32.3284,1,20.8984,12.8374,561.649,1,37.6488,88.8728,1
51,27.1816,2340.49,1,8.42566,36.8795,2057.84,418.698,93.4003,1,18.2977,17.6812,958.118,1,37.0902,73.4251,1
52,31.4732,1520.17,1,10.8544,41.5149,1721.01,310.881,36.6774,1,20.9801,12.1983,667.261,1,38.7554,89.4259,1
53,23.1715,2999.17,1,8.15704,36.8995,2161.18,412.71,104.215,1,17.4143,18.3262,1211.27,1,37.7672,49.6084,1
54,28.4681,2490.18,1,9.25346,38.5325,1986.3,380.396,57.7519,1,18.5762,14.5168,886.51,1,36.9598,85.9271,1
55,26.0602,3884.02,1,7.19858,38.3854,2412.45,399.16,121.107,1,18.3392,12.1386,1238.53,1,39.0921,90.0204,1
56,28.146,3111.42,1,9.487,39.9009,2012.12,353.381,57.1329,1,18.1468,12.9706,1155,1,38.9468,86.2342,1
57,26.0283,2065.93,1,9.95175,40.0048,1867.07,343.778,51.5446,1,20.2387,12.6273,935.648,1,38.9774,70.0431,1
58,26.6766,2929.58,1,7.70816,36.2788,2203.69,450.305,133.328,1,18.0705,14.6509,1284.5,1,36.617,123.291,1
59,33.535,659.37,1,12.4453,42.8757,1390.93,281.802,11.6893,1,23.9953,10.5286,225.909,1,37.4266,85.3211,1
60,29.0722,3050.75,1,8.42875,39.6341,2394.04,358.134,105.928,1,19.779,12.2558,1407.06,1,39.8272,50.725,1
61,32.8353,1323.19,1,10.9817,41.4609,1637.85,316.366,30.6265,1,21.6488,10.9588,421.585,1,38.0969,111.381,1
62,30.0083,2213.47,1,9.13207,39.1068,2055.87,368.697,89.6737,1,20.0449,12.8989,922.236,1,37.6739,99.3775,1
63,31.3382,1951.22,1,9.99325,40.5374,1839.41,337.922,52.5828,1,20.6976,11.4346,589.112,1,38.7852,87.381,1
64,28.7864,2312.78,1,9.09637,39.1604,2098.95,359.582,77.9444,1,19.3999,14.7613,1001.28,1,38.0081,61.1023,1
65,29.3673,2237.44,1,9.68326,39.9901,1994.99,347.443,61.3927,1,20.0992,12.2332,982.663,1,38.5071,96.3384,1
66,30.8697,1669.7,1,9.95084,40.2363,1869.7,341.082,53.3156,1,21.6205,11.535,681.608,1,38.4828,91.3814,1
67,26.9149,1981.76,1,8.78166,38.0417,2040.49,384.572,101.457,1,20.567,13.5777,940.34,1,38.2253,62.9694,1
68,29.5145,2488.43,1,8.97335,39.1506,2191.16,365.357,62.5215,1,19.6459,13.5318,1145.67,1,37.9326,67.4767,1
69,29.2544,2517.29,1,8.06743,37.1526,2301.44,418.749,117.196,1,19.3105,14.2402,1307.68,1,38.2593,85.4867,1
70,31.4892,1657.8,1,8.9834,39.1952,2309.64,361.524,58.015,1,21.892,12.1931,924.568,1,37.8757,78.6781,1
71,27.2942,2794.46,1,7.73947,37.6255,2317.51,400.497,97.6431,1,18.7519,15.0376,1150.46,1,37.2339,93.5851,1
72,28.4472,2038.57,1,8.37515,38.8857,2233.01,370.228,73.4322,1,21.1522,12.3316,950.823,1,38.5769,60.6736,1
73,27.0355,2935.75,1,7.99784,37.1024,2097.92,425.055,112.417,1,18.038,14.7567,1122.16,1,38.2591,89.0702,1
74,30.6093,1213.53,1,10.6469,41.0744,1682.5,319.428,26.3521,1,22.3182,11.5956,388.768,1,39.3827,47.9187,1
75,29.9895,1643.15,1,8.80707,38.164,2145.09,385.339,80.2113,1,20.7004,14.5307,761.513,1,37.4225,78.2065,1
76,32.3699,1408.14,1,8.68931,38.5149,2236.02,385.997,84.3285,1,22.3674,11.3724,743.96,1,37.0944,105.973,1
77,31.5786,1587.6,1,9.90651,39.6879,1963.58,349.802,46.4325,1,20.7029,13.1944,811.051,1,37.0367,98.1786,1
78,29.259,2524.88,1,9.18901,39.5119,1938.3,363.83,43.3139,1,19.5475,12.348,673.574,1,38.5378,61.8401,1
79,29.4922,2136.89,1,9.80026,39.6986,1785.13,358.78,62.032,1,19.9686,11.8909,673.693,1,38.1279,103.322,1
80,33.9642,1568.23,1,10.2732,40.933,1898.91,329.431,43.6725,1,20.8734,11.0486,589.319,1,38.7921,80.1033,1
81,28.3127,2424.68,1,9.44393,39.6544,1956.33,354.891,114.017,1,20.1186,12.3845,989.74,1,38.2666,115.267,1
82,30.7952,2281.23,1,9.95157,40.6919,2047.02,329.294,78.2285,1,20.0404,12.619,1098.87,1,39.1648,64.429,1
83,29.1927,2272.39,1,8.88156,39.3697,2096.43,360.081,90.471,1,20.3108,12.6543,824.566,1,38.5427,82.8475,1
84,27.8783,2418.28,1,9.55923,40.3901,2084.28,332.096,79.4304,1,20.3233,13.2044,1300.7,1,40.8374,28.5852,1
85,31.8673,2417.4,1,8.67214,38.3768,2086.77,395.424,98.3785,1,17.936,13.5253,853.292,1,38.0748,78.3794,1
86,31.0196,2172.97,1,9.05648,38.4794,2400.95,373.631,51.3625,1,18.0083,16.6378,1061.36,1,36.7497,63.3256,1
87,29.3397,1611.45,1,7.66187,36.6339,2293.93,427.248,84.1655,1,20.6414,14.3958,668.912,1,36.765,71.4225,1
88,31.4637,2203.61,1,8.93397,39.718,2164.47,360.177,86.1443,1,20.3384,11.5443,997.004,1,39.4217,68.2687,1
89,26.012,2775.49,1,8.49833,37.6641,2150.91,400.025,129.699,1,18.8165,14.5636,1283.64,1,37.5299,97.4349,1
90,25.1226,2091.46,1,8.61872,37.2869,2129.23,398.864,76.9637,1,19.157,17.1194,1072.48,1,36.4964,61.4903,1
91,27.314,2692.71,1,8.20248,37.265,2228.13,407.579,121.408,1,18.8062,15.6791,1246.92,1,38.1921,62.2771,1
92,29.0351,3396.93,1,7.72014,36.4696,2339.14,446.143,100.565,1,16.1092,16.4868,1318.69,1,36.8387,81.8715,1
93,30.2243,1518.48,1,10.7326,41.2965,1663.97,316.09,29.9615,1,22.1228,10.8126,441.49,1,38.605,91.5867,1
94,28.4099,2805.64,1,8.33205,37.9897,2249.21,396.654,123.732,1,19.3409,13.3341,1338.77,1,37.6321,115.667,1
95,27.1898,2197.61,1,8.83081,38.7685,2121.75,373.615,105.066,1,20.7217,11.8408,1052.09,1,37.5702,127.692,1
96,31.3613,994.858,1,10.6641,40.9486,1725.77,319.618,29.9084,1,23.3483,10.9016,363.579,1,37.9661,90.7365,1
97,28.3804,2210.78,1,9.61528,39.8215,2056.17,345.896,31.8184,1,19.968,13.888,967.087,1,38.4907,57.6836,1
98,22.6049,2983.27,1,7.00822,37.4778,2385.16,401.555,78.5234,1,17.9756,15.8,941.327,1,37.9274,70.0873,1
99,31.461,2390.95,1,8.97278,39.0633,2352.33,366.337,89.833,1,19.2359,13.7212,1242.66,1,37.6921,108.177,1
100,30.5862,2495.21,1,8.84494,39.1075,2023.14,374.242,105.737,1,19.3147,12.4187,861.345,1,39.2097,67.5892,1
101,31.0192,2111.73,1,8.57326,39.4675,2172.9,362.059,82.5788,1,20.4436,11.9546,815.949,1,38.6132,78.1909,1
102,28.4848,1816.77,1,8.85097,38.3934,2163.28,380.529,90.1101,1,21.1933,12.8284,934.446,1,37.8898,80.701,1
103,28.7998,4636.52,1,6.76651,37.3729,2510.77,431.172,121.522,1,16.2017,13.4077,1311.12,1,38.2279,110.346,1
104,30.357,2129.51,1,9.3889,39.018,1951.62,370.728,50.1232,1,19.3527,13.7527,823.721,1,37.5109,80.6273,1
105,30.795,1043.52,1,11.7546,41.6098,1446.94,306.194,13.4812,1,22.3906,11.6458,321.06,1,37.6241,78.3976,1
106,27.8105,2384.95,1,8.44071,36.4787,2123.12,427.52,66.7085,1,17.4513,19.5058,858.39,1,35.7871,54.8622,1
107,34.3453,925.217,1,10.4885,40.9272,1791.01,324.531,23.6739,1,23.0357,10.6497,352.914,1,38.3155,69.0555,1
108,27.6557,2990.11,1,8.76337,38.464,2141.27,382.556,88.4884,1,18.3977,14.354,1158.96,1,37.2303,103.551,1
109,31.1414,2555.32,1,8.43104,39.0533,2314.01,372.602,101.11,1,19.531,12.505,1044.26,1,38.6059,65.9816,1
110,34.7365,1190.47,1,8.76382,39.8312,2539.63,351.91,35.1363,1,22.5292,10.9462,594.097,1,38.6459,63.0874,1
111,30.0291,2507.27,1,8.59974,38.5113,2320.51,379.571,97.7916,1,19.421,13.7515,1224.88,1,37.7346,91.1745,1
112,30.0505,2918.86,1,9.24714,38.9479,2029.01,375.923,52.8794,1,17.5877,14.0276,752.155,1,37.5539,74.9411,1
113,29.0129,2964.47,1,8.0388,38.1064,2316.91,397.599,101.369,1,18.7483,13.7325,1296.34,1,37.9834,101.473,1
114,29.8944,2310.27,1,9.49628,41.0915,2040.14,323.4,90.3538,1,21.0319,11.0823,926.688,1,40.9065,29.5584,1
115,30.2698,1558.41,1,9.70111,39.3703,1856.18,356.967,48.8834,1,20.8422,13.3303,675.247,1,38.3074,66.0847,1
116,29.4072,1852.72,1,10.1028,39.9754,1786.97,343.498,46.467,1,20.7234,12.6841,747.04,1,37.1037,129.314,1
117,28.1491,1443.45,1,8.29104,37.5795,2202.38,396.421,92.5849,1,21.7527,12.9374,673.963,1,37.6155,78.0427,1
118,25.2402,3229.71,1,7.60552,36.0084,2391.42,441.821,102.921,1,17.1819,18.895,1663.52,1,37.3195,82.4313,1
119,29.1191,2605.8,1,9.31867,38.7659,2004.82,373.075,47.1149,1,18.1272,15.1704,983.649,1,36.7561,90.4804,1
120,28.2416,2337.41,1,8.92019,38.4697,2112.74,378.068,84.2146,1,19.4824,14.5804,1008.48,1,37.4044,86.7538,1
121,26.9273,3030.74,1,8.0247,36.8802,2356.67,418.575,91.4367,1,17.9842,16.8243,1471.33,1,36.1411,87.3509,1
122,30.0582,1967.72,1,8.33087,37.5627,2191.1,406.907,98.5332,1,20.6041,13.1072,975.755,1,37.1068,101.205,1
123,29.5556,2715.73,1,9.0347,39.4376,2217.71,362.132,119.055,1,18.9624,12.9283,1489.12,1,39.5475,108.51,1
124,31.2379,1474.29,1,9.58121,39.0002,1927.08,365.842,32.8412,1,20.5527,14.1074,595.291,1,37.5289,50.3062,1
125,31.8312,1372.63,1,9.20158,39.2602,2188.78,359.032,88.297,1,22.4312,11.4725,698.259,1,38.452,69.5735,1
126,30.1338,1552.39,1,10.5027,40.4506,1741.13,328.823,36.7006,1,20.7979,13.3155,491.643,1,36.8719,100.565,1
127,30.1368,1710.53,1,8.05909,37.1104,2189.45,416.752,96.9387,1,20.2563,14.4617,669.929,1,37.8543,54.8782,1
128,29.3944,3350.65,1,7.65706,37.9181,2433.59,408.746,97.7428,1,18.2547,13.1127,1333.84,1,37.5125,102.433,1
129,25.3037,3074.36,1,9.12002,38.6979,2055.91,375.106,77.2039,1,18.0658,14.4667,1346.24,1,36.7923,166.181,1
130,29.9339,2087.43,1,10.6968,41.4266,1912.33,310.162,27.8621,1,19.7473,13.7456,794.289,1,37.5107,100.287,1
131,29.7192,1512.85,1,10.5464,40.7886,1762.64,323.852,31.7442,1,21.5477,12.1821,562.237,1,37.8532,89.2865,1
132,27.3458,1756.41,1,10.3752,40.5509,1775.71,326.234,33.6274,1,20.5756,13.7338,608.295,1,38.9488,47.192,1
133,26.3351,2593.87,1,8.52614,37.4633,2066.76,403.216,91.2704,1,17.6456,17.5231,1191.25,1,37.479,76.2442,1
134,28.2542,1971.87,1,8.9252,38.9431,2147.15,363.89,82.4295,1,20.8194,13.4758,985.801,1,38.1546,68.303,1
135,29.0335,2832.02,1,8.59581,38.4206,2131.44,392.258,76.0649,1,18.0394,13.9609,1113.82,1,37.754,86.6267,1
136,27.0981,2525.84,1,8.638,37.9823,2187.56,385.938,104.713,1,18.9909,16.2042,1259.41,1,38.8076,33.676,1
137,30.715,2891.66,1,9.10875,39.4777,2172.2,364.85,109.886,1,17.3843,13.3508,1278.76,1,39.1094,72.4012,1
138,26.7416,2831.89,1,7.34901,37.692,2360.25,406.627,113.212,1,19.1294,13.2771,1003.27,1,37.6464,103.035,1
139,32.2163,1642.82,1,9.50143,39.9717,2129.32,345.474,88.0693,1,21.7602,11.8239,836.668,1,38.8986,85.0741,1
140,29.0135,1890.85,1,9.51914,39.9902,2011.06,343.03,46.9768,1,21.4456,12.08,878.527,1,38.266,94.9894,1
141,29.4371,1837.44,1,10.0066,41.2986,1861.76,317.09,51.796,1,21.9801,10.534,661.159,1,40.3543,54.7921,1
142,28.3759,2977.69,1,9.14613,38.6916,2119.85,372.963,70.3648,1,17.1925,16.5199,1219.89,1,38.0864,55.4034,1
143,30.1758,2836.54,1,8.18064,37.5237,2235.87,420.228,114.515,1,17.3071,14.1656,1259.23,1,38.6314,82.1905,1
144,26.1478,3541.71,1,6.85005,36.5277,2417.58,437.643,117.976,1,17.3841,15.942,1124.76,1,38.0887,62.3812,1
145,27.1142,3104.56,1,8.73067,38.5748,2171.86,378.884,73.5381,1,18.3446,14.7443,1292.58,1,37.506,89.6468,1
146,32.4541,908.176,1,12.5618,43.044,1362.51,280.671,12.952,1,23.3481,10.1104,199.998,1,38.5857,74.5285,1
147,28.9529,2669.16,1,8.58496,38.2825,2213.11,384.47,108.563,1,18.6681,15.1305,1087.65,1,37.3912,80.8127,1
148,31.4932,1599.09,1,10.7071,41.6165,1767.78,309.078,33.2421,1,21.9487,11.107,628.789,1,38.037,123.56,1
149,26.4791,3285.66,1,7.77206,37.5031,2385.36,410.294,94.8541,1,18.2122,14.9904,1345.4,1,37.8545,66.9858,1
150,25.3695,3359.3,1,8.32764,37.6181,2291.86,398.29,121.538,1,17.8727,15.6558,1523.63,1,36.9089,103.416,1
151,26.9485,3137.42,1,8.25388,38.6111,2258.47,382.131,122.348,1,19.1325,13.0812,1291.7,1,38.4309,92.0123,1
152,31.4087,2383.28,1,8.40131,37.841,2364.19,400.749,89.675,1,18.6517,14.2357,1246.36,1,36.95,111.424,1
153,27.0391,2119.22,1,9.50634,40.4437,1953.61,332.862,40.5102,1,20.7287,11.9464,718.318,1,39.1847,60.6401,1
154,27.7602,3121.56,1,7.49248,35.4484,2312.96,471.036,102.881,1,16.0176,19.3598,1278.89,1,36.5914,65.3392,1
155,27.7691,2028.39,1,9.89921,40.6978,1848.67,330.564,51.4858,1,20.8473,11.8489,846.586,1,39.1345,97.6909,1
156,32.9367,1458.02,1,10.4347,41.3705,2049.62,312.989,34.5566,1,22.2969,11.2749,807.582,1,37.9999,111.582,1
157,28.3821,2076.15,1,8.9011,38.2093,2069.69,386.132,73.0858,1,19.3515,15.3344,785.813,1,37.088,61.4591,1
158,27.6912,3032.9,1,8.39032,39.0903,2150.26,372.062,93.1689,1,19.228,12.746,1063.69,1,38.8836,77.4726,1
159,27.4048,3414.84,1,8.78952,37.7896,2182.18,396.663,103.771,1,16.3915,17.3542,1223.8,1,37.8571,69.7715,1
160,28.5657,2342.43,1,8.52668,36.9649,2224.89,415.124,94.5788,1,18.3464,17.2328,1252.58,1,36.4799,86.4862,1
161,30.0697,2307.94,1,9.31387,39.0214,2163.59,364.314,58.8181,1,18.0404,16.3445,1144.93,1,36.9569,86.6024,1
162,28.7918,2697.85,1,9.30572,39.2098,2014.61,365.304,47.8966,1,18.6292,14.1083,995.419,1,38.075,79.6814,1
163,31.895,1494.1,1,9.54906,39.2799,2062.87,357.943,33.4414,1,21.1043,13.2434,741.403,1,37.2257,77.1019,1
164,25.9971,2657.25,1,7.93426,37.8425,2177.91,400.273,98.5117,1,19.4295,13.6771,1008.12,1,37.9977,87.6604,1
165,28.527,2671.98,1,8.30852,37.8204,2243.57,401.201,103.156,1,18.9198,14.5185,1145.45,1,38.3244,44.7945,1
166,26.0009,2314.88,1,8.13222,38.6628,2231.96,371.994,87.1669,1,20.046,13.2207,914.932,1,38.8171,52.2451,1
167,28.3593,2164.94,1,9.48871,39.8927,1904.66,351.156,52.7646,1,20.6429,11.6726,689.072,1,38.2812,101.189,1
168,31.7264,1453.15,1,10.0023,40.6477,2028.2,327.547,38.6205,1,22.1151,11.9553,800.864,1,38.6155,73.7174,1
169,30.3692,2099.44,1,8.76288,39.2945,2140.42,370.059,88.2431,1,20.83,11.367,765.176,1,37.9849,111.841,1
170,31.0907,1182.9,1,10.1636,40.0397,1806.96,340.251,49.7375,1,22.8671,11.4764,581.955,1,37.895,82.8115,1
171,30.5054,2265.31,1,9.32591,39.0541,2144.92,364.95,89.143,1,19.3069,14.0641,1145.59,1,36.4402,128.678,1
172,22.9145,3306.62,1,7.36219,35.3768,2358.01,464.353,121.761,1,16.9272,17.8471,1545.79,1,36.5726,84.1425,1
173,30.8488,2329,1,9.29122,39.5844,2098.66,357.552,100.153,1,19.9595,12.2121,1026.42,1,37.5817,127.776,1
174,29.2755,1168.22,1,10.3294,40.242,1793.61,330.802,28.341,1,22.4643,12.733,601.392,1,37.9376,73.6564,1
175,29.0936,1564.39,1,8.06691,36.5904,2170.32,430.038,104.798,1,21.3591,13.1614,755.637,1,36.9533,91.4569,1
176,29.0252,2589.9,1,8.46128,37.6894,2230.85,401.967,113.974,1,19.2299,13.9719,1332.35,1,37.651,89.3551,1
177,30.1912,1881.34,1,9.61962,40.0501,2010.49,342.683,36.5346,1,20.9189,12.8437,870.739,1,39.229,35.3638,1
178,31.7044,1128.4,1,11.9004,42.1003,1440.89,297.839,14.1004,1,22.1673,11.4116,283.847,1,37.9089,75.2027,1
179,30.149,1754.18,1,10.2012,40.3784,1827.1,334.042,34.1542,1,21.1381,12.3437,723.449,1,38.2176,68.9993,1
180,28.4814,2645.33,1,8.6063,38.213,2270.83,388.046,95.0179,1,19.1293,14.3827,1310.53,1,37.8811,79.6398,1
181,28.2073,3514.54,1,8.65347,39.0982,2336.68,367.267,94.7944,1,17.4644,14.8243,1404.47,1,38.7263,71.2682,1
182,27.948,2713.78,1,8.85404,39.1718,2106.68,364.596,109.428,1,19.6027,13.149,1126.12,1,39.7818,56.465,1
183,28.3681,1906.81,1,8.4515,36.9274,2131.25,416.035,100.775,1,19.5949,14.8326,883.213,1,36.5122,91.9911,1
184,31.6,1965.98,1,9.75234,40.2998,2101.27,336.497,79.6131,1,20.4875,12.3732,914.746,1,38.1046,86.9725,1
185,31.0887,1694.45,1,8.83241,39.2956,2331.15,359.073,52.1369,1,21.8012,12.2196,896.092,1,37.6622,86.728,1
186,23.672,2676.63,1,8.72843,39.0935,2213.65,362.233,99.5682,1,19.2131,14.0585,1344.01,1,38.8374,48.5808,1
187,31.577,1122.05,1,10.0469,40.742,1891.68,326.129,41.5346,1,23.2926,10.7867,532.382,1,39.108,69.7876,1
188,31.4663,2300.11,1,8.62981,39.5768,2191.12,362.738,91.0464,1,20.1866,11.4991,787.725,1,38.926,80.995,1
189,27.3013,2065.81,1,8.96284,39.1297,2107.64,361.495,102.467,1,21.2128,12.1009,1049.09,1,38.8637,76.0818,1
190,32.6888,1389.47,1,9.09577,39.2914,2204.42,363.142,83.2804,1,22.3769,11.2552,706.757,1,38.899,52.5288,1
191,26.4498,2823.26,1,7.8829,37.5009,2249.77,410.598,126.385,1,18.6776,13.7853,1067.58,1,37.0356,115.09,1
192,31.3366,2018.44,1,10.8432,41.8774,1856.14,303.362,18.117,1,19.6116,13.0316,850.996,1,37.8457,93.4334,1
193,28.8948,2837.41,1,8.86267,38.7171,2133.57,376.553,101.262,1,18.5601,14.1422,1103.49,1,38.4934,72.1299,1
194,28.7029,2219.05,1,7.7041,37.4962,2467.28,413.861,101.811,1,20.8451,11.8037,1069.38,1,37.5199,130.243,1
195,30.2333,2612.66,1,8.27602,38.0006,2307.17,404.492,96.4728,1,18.7911,13.4071,1207.86,1,38.3366,67.6557,1
196,28.9933,2478,1,8.87872,38.8352,2301.75,367.224,71.6013,1,18.7917,16.0321,1227.42,1,37.5503,61.7248,1
197,30.0602,1234.48,1,11.1663,41.2112,1603.51,313.247,34.1807,1,22.3476,11.6486,469.019,1,38.851,55.7307,1
198,31.0092,1518.36,1,10.1369,40.5696,1775.54,334.678,52.3478,1,21.914,11.2835,539.02,1,39.0539,75.2616,1
199,32.3727,1105.45,1,12.7314,43.4012,1366.63,273.331,9.32068,1,22.4901,10.8894,252.752,1,39.1268,55.5185,1
200,29.0402,2186.18,1,8.97576,37.8087,1975.19,399.62,111.054,1,19.1094,14.3563,1011,1,36.8381,124.346,1
