file,x_true_mm,size_bytes,mtime_ns,n_entries,n_event_ids_present_anywhere,event_id_min,event_id_max,n_events_missing_from_entire_tree,gun_x_mm_dominant,gun_x_mm_dominant_fraction,hits_A,hits_B,nonfinite_time_fraction,n_events_with_A,n_events_with_B,n_events_with_A_and_B,n_events_passing_4PE_both,efficiency
pairscan_x-462.0mm.root,-462.0,910141575,1781279319907672800,14499253,3000,0,2999,0,-462.0,1.0,1275935,941991,0.0,3000,3000,3000,3000,1.0
pairscan_x-461.0mm.root,-461.0,917383760,1781279208211507700,14613404,3000,0,2999,0,-461.0,1.0,1289028,948638,0.0,3000,3000,3000,3000,1.0
pairscan_x-460.0mm.root,-460.0,907994513,1781279099568528700,14463586,3000,0,2999,0,-460.0,1.0,1273880,921024,0.0,3000,3000,3000,3000,1.0
pairscan_x-459.0mm.root,-459.0,913212562,1781278992202004300,14546070,3000,0,2999,0,-459.0,1.0,1277033,942107,0.0,3000,3000,3000,3000,1.0
pairscan_x-458.0mm.root,-458.0,920057505,1781278939371907800,14654914,3000,0,2999,0,-458.0,1.0,1258812,947081,0.0,3000,3000,3000,3000,1.0
pairscan_x-457.0mm.root,-457.0,921676557,1781279639443497700,14681664,3000,0,2999,0,-457.0,1.0,1227972,937580,0.0,3000,3000,3000,3000,1.0
pairscan_x-456.0mm.root,-456.0,910920052,1781279521660384800,14508701,3000,0,2999,0,-456.0,1.0,1167399,929679,0.0,3000,3000,3000,3000,1.0
pairscan_x-455.0mm.root,-455.0,916919477,1781279461860282600,14603589,3000,0,2999,0,-455.0,1.0,1093093,959716,0.0,3000,3000,3000,3000,1.0
pairscan_x-454.0mm.root,-454.0,903931902,1781279362449349000,14396486,3000,0,2999,0,-454.0,1.0,1080894,964679,0.0,3000,3000,3000,3000,1.0
pairscan_x-453.0mm.root,-453.0,912450649,1781279252903491300,14531688,3000,0,2999,0,-453.0,1.0,1090566,1034241,0.0,3000,3000,3000,3000,1.0
pairscan_x-452.0mm.root,-452.0,923598895,1781279147283274900,14710528,3000,0,2999,0,-452.0,1.0,1102404,1094847,0.0,3000,3000,3000,3000,1.0
pairscan_x-451.0mm.root,-451.0,912382400,1781279920000462500,14530501,3000,0,2999,0,-451.0,1.0,1093253,1125777,0.0,3000,3000,3000,3000,1.0
pairscan_x-450.0mm.root,-450.0,912456815,1781279876796556900,14531351,3000,0,2999,0,-450.0,1.0,1095115,1186714,0.0,3000,3000,3000,3000,1.0
pairscan_x-449.0mm.root,-449.0,918718985,1781279749194182300,14631504,3000,0,2999,0,-449.0,1.0,1104594,1225914,0.0,3000,3000,3000,3000,1.0
pairscan_x-448.0mm.root,-448.0,915786545,1781279898251993100,14584564,3000,0,2999,0,-448.0,1.0,1186505,1231593,0.0,3000,3000,3000,3000,1.0
pairscan_x-447.0mm.root,-447.0,920112752,1781279852327062600,14654964,3000,0,2999,0,-447.0,1.0,1238517,1241246,0.0,3000,3000,3000,3000,1.0
pairscan_x-446.0mm.root,-446.0,920833038,1781279827602540500,14665610,3000,0,2999,0,-446.0,1.0,1270220,1261921,0.0,3000,3000,3000,3000,1.0
pairscan_x-445.0mm.root,-445.0,914099895,1781279610875941500,14558661,3000,0,2999,0,-445.0,1.0,1280323,1268519,0.0,3000,3000,3000,3000,1.0
pairscan_x-444.0mm.root,-444.0,914286408,1781279408655907900,14561716,3000,0,2999,0,-444.0,1.0,1295409,1275235,0.0,3000,3000,3000,3000,1.0
pairscan_x-443.0mm.root,-443.0,919153835,1781279298433340500,14638720,3000,0,2999,0,-443.0,1.0,1301184,1287646,0.0,3000,3000,3000,3000,1.0
pairscan_x-442.0mm.root,-442.0,913887731,1781279187056658900,14555342,3000,0,2999,0,-442.0,1.0,1293871,1278608,0.0,3000,3000,3000,3000,1.0
pairscan_x-441.0mm.root,-441.0,912953888,1781279075160660500,14539301,3000,0,2999,0,-441.0,1.0,1297930,1283498,0.0,3000,3000,3000,3000,1.0
pairscan_x-440.0mm.root,-440.0,911159567,1781279802127537500,14510577,3000,0,2999,0,-440.0,1.0,1288668,1280402,0.0,3000,3000,3000,3000,1.0
pairscan_x-439.0mm.root,-439.0,911503749,1781279016907310500,14515768,3000,0,2999,0,-439.0,1.0,1279552,1273037,0.0,3000,3000,3000,3000,1.0
pairscan_x-438.0mm.root,-438.0,927377098,1781279774625476200,14768630,3000,0,2999,0,-438.0,1.0,1283281,1271914,0.0,3000,3000,3000,3000,1.0
pairscan_x-437.0mm.root,-437.0,926284653,1781278963504267900,14750883,3000,0,2999,0,-437.0,1.0,1263355,1243284,0.0,3000,3000,3000,3000,1.0
pairscan_x-436.0mm.root,-436.0,918822012,1781279715626227500,14631081,3000,0,2999,0,-436.0,1.0,1242802,1187413,0.0,3000,3000,3000,3000,1.0
pairscan_x-435.0mm.root,-435.0,913646586,1781278913860599200,14548120,3000,0,2999,0,-435.0,1.0,1219238,1098760,0.0,3000,3000,3000,3000,1.0
pairscan_x-434.0mm.root,-434.0,910121328,1781279687815878400,14491547,3000,0,2999,0,-434.0,1.0,1179908,1095286,0.0,3000,3000,3000,3000,1.0
pairscan_x-433.0mm.root,-433.0,919705249,1781279663703488900,14644202,3000,0,2999,0,-433.0,1.0,1136746,1102732,0.0,3000,3000,3000,3000,1.0
pairscan_x-432.0mm.root,-432.0,913167982,1781279577438999400,14540380,3000,0,2999,0,-432.0,1.0,1084043,1091058,0.0,3000,3000,3000,3000,1.0
pairscan_x-431.0mm.root,-431.0,904804381,1781279550981695100,14406903,3000,0,2999,0,-431.0,1.0,1025729,1087796,0.0,3000,3000,3000,3000,1.0
pairscan_x-430.0mm.root,-430.0,913164476,1781279491617197500,14539654,3000,0,2999,0,-430.0,1.0,974509,1098076,0.0,3000,3000,3000,3000,1.0
pairscan_x-429.0mm.root,-429.0,915461488,1781279433843454300,14576153,3000,0,2999,0,-429.0,1.0,950433,1095626,0.0,3000,3000,3000,3000,1.0
pairscan_x-428.0mm.root,-428.0,919931778,1781279384654111600,14648102,3000,0,2999,0,-428.0,1.0,930584,1179599,0.0,3000,3000,3000,3000,1.0
pairscan_x-427.0mm.root,-427.0,924289189,1781279340359093600,14717868,3000,0,2999,0,-427.0,1.0,926323,1227919,0.0,3000,3000,3000,3000,1.0
pairscan_x-426.0mm.root,-426.0,923250895,1781279276437516100,14701101,3000,0,2999,0,-426.0,1.0,936435,1251362,0.0,3000,3000,3000,3000,1.0
pairscan_x-425.0mm.root,-425.0,918143372,1781279231752257200,14619093,3000,0,2999,0,-425.0,1.0,928413,1265268,0.0,3000,3000,3000,3000,1.0
pairscan_x-424.0mm.root,-424.0,907905982,1781279167328749600,14456155,3000,0,2999,0,-424.0,1.0,899298,1262113,0.0,3000,3000,3000,3000,1.0
pairscan_x-423.0mm.root,-423.0,904786117,1781279126306271900,14405935,3000,0,2999,0,-423.0,1.0,913967,1251941,0.0,3000,3000,3000,3000,1.0
pairscan_x-422.0mm.root,-422.0,913649258,1781279047318170700,14548697,3000,0,2999,0,-422.0,1.0,928111,1263634,0.0,3000,3000,3000,3000,1.0
