x_mm,run_label,global_id,mean_npe,rms_npe
-690,Run 1,16,350.9470,87.6450
-690,Run 1,17,384.2285,94.6019
-690,Run 1,18,261.7440,65.2001
-690,Run 1,19,210.2750,52.1992
-690,Run 1,20,155.6260,39.5891
-690,Run 1,21,122.8975,32.2189
-690,Run 1,22,129.5195,32.2071
-690,Run 1,23,87.5645,23.6685
-690,Run 1,24,88.5125,23.1714
-690,Run 1,25,61.5095,17.2821
-690,Run 1,26,65.0675,17.8271
-690,Run 1,27,58.3620,15.7474
-690,Run 1,28,62.2315,16.6750
-690,Run 1,29,52.7380,14.2742
-690,Run 1,30,33.2115,10.4742
-690,Run 1,31,39.4695,11.5278
-690,Run 1,32,32.5770,9.9863
-690,Run 1,33,32.7200,9.7937
-690,Run 1,34,28.4990,8.9279
-690,Run 1,35,24.3535,7.7455
-690,Run 1,36,25.0405,8.0020
-690,Run 1,37,25.0110,7.8123
-690,Run 1,38,24.6605,7.7668
-690,Run 1,39,19.5490,6.6241
-690,Run 1,40,19.8915,6.5444
-690,Run 1,41,12.4120,5.2582
-690,Run 1,42,13.6455,5.2809
-690,Run 1,43,15.7520,5.8199
-690,Run 1,44,14.9170,5.1852
-690,Run 1,45,11.0460,4.5102
-690,Run 1,46,9.9420,4.1063
-690,Run 1,47,12.2750,4.6610
-690,Run 1,48,10.9125,4.3295
-690,Run 1,49,10.4130,3.9920
-690,Run 1,50,8.1470,3.5787
-690,Run 1,51,7.2995,3.4211
-690,Run 1,52,7.8460,3.4556
-690,Run 1,53,8.4665,3.6685
-690,Run 1,54,7.6040,3.3538
-690,Run 1,55,4.6645,2.5032
-690,Run 1,56,6.1065,2.8969
-690,Run 1,57,6.0470,2.8411
-690,Run 1,58,6.4370,3.0478
-690,Run 1,59,5.0135,2.5924
-690,Run 1,60,3.3180,2.0513
-690,Run 1,61,4.4215,2.3080
-690,Run 1,62,3.9950,2.2512
-690,Run 1,63,4.4565,2.3365
-690,Run 1,64,4.1150,2.2960
-690,Run 1,65,3.1680,1.9354
-690,Run 1,66,2.5570,1.7764
-690,Run 1,67,2.6715,1.8129
-690,Run 1,68,3.0630,1.8987
-690,Run 1,69,2.6300,1.7760
-690,Run 1,70,2.2035,1.6184
-690,Run 1,71,2.4160,1.6751
-690,Run 1,72,3.0160,1.8867
-690,Run 1,73,2.7075,1.8053
-690,Run 1,74,2.2365,1.6123
-690,Run 1,75,2.0270,1.5641
-690,Run 1,76,1.8785,1.4439
-690,Run 1,77,1.9270,1.4872
-690,Run 1,78,1.6250,1.3727
-690,Run 1,79,1.4715,1.2846
-690,Run 1,80,1.6250,1.3481
-690,Run 1,81,1.2340,1.1521
-690,Run 1,82,1.6105,1.3106
-690,Run 1,83,1.6270,1.3289
-690,Run 1,84,1.2980,1.2191
-690,Run 1,85,1.2975,1.1824
-400,Run 3,16,42.9685,12.2727
-400,Run 3,17,37.2215,11.6506
-400,Run 3,18,46.1350,13.5523
-400,Run 3,19,59.6515,16.5598
-400,Run 3,20,65.6065,18.4777
-400,Run 3,21,70.7525,19.4244
-400,Run 3,22,61.6045,18.3185
-400,Run 3,23,87.6325,24.4423
-400,Run 3,24,105.5410,27.8788
-400,Run 3,25,117.3520,31.2144
-400,Run 3,26,147.5105,38.4075
-400,Run 3,27,151.9080,40.8227
-400,Run 3,28,197.6515,51.8743
-400,Run 3,29,284.6230,72.9537
-400,Run 3,30,409.3015,104.1696
-400,Run 3,31,411.2795,104.7298
-400,Run 3,32,287.1335,75.2009
-400,Run 3,33,204.3695,53.7538
-400,Run 3,34,167.1570,43.3052
-400,Run 3,35,148.9280,38.3562
-400,Run 3,36,116.4455,30.9274
-400,Run 3,37,94.6025,26.4448
-400,Run 3,38,91.9680,25.0705
-400,Run 3,39,83.9105,22.6340
-400,Run 3,40,74.0810,20.2964
-400,Run 3,41,69.1785,18.9244
-400,Run 3,42,44.5325,14.0231
-400,Run 3,43,38.5615,12.1688
-400,Run 3,44,47.6320,13.4211
-400,Run 3,45,48.0330,13.1364
-400,Run 3,46,41.5495,12.1516
-400,Run 3,47,32.2880,10.3228
-400,Run 3,48,28.0120,9.0774
-400,Run 3,49,31.5635,9.5689
-400,Run 3,50,24.7345,8.0136
-400,Run 3,51,28.0640,8.5135
-400,Run 3,52,17.5105,6.6672
-400,Run 3,53,17.9980,6.3773
-400,Run 3,54,21.3595,6.6758
-400,Run 3,55,17.8815,6.1691
-400,Run 3,56,19.1445,6.2778
-400,Run 3,57,11.4555,4.7209
-400,Run 3,58,12.6355,4.8575
-400,Run 3,59,13.8905,4.9816
-400,Run 3,60,12.2895,4.7724
-400,Run 3,61,10.2180,4.1783
-400,Run 3,62,8.3195,3.7019
-400,Run 3,63,9.0220,3.8828
-400,Run 3,64,8.7530,3.7684
-400,Run 3,65,9.3305,3.8054
-400,Run 3,66,8.2805,3.4672
-400,Run 3,67,8.1160,3.4313
-400,Run 3,68,6.1720,3.0230
-400,Run 3,69,6.0835,2.9657
-400,Run 3,70,6.9595,3.2078
-400,Run 3,71,5.2525,2.6544
-400,Run 3,72,4.6805,2.5265
-400,Run 3,73,3.6255,2.2308
-400,Run 3,74,5.8535,2.8406
-400,Run 3,75,5.2920,2.6017
-400,Run 3,76,4.4290,2.3569
-400,Run 3,77,3.5665,2.1353
-400,Run 3,78,3.6200,2.1172
-400,Run 3,79,3.3020,1.9869
-400,Run 3,80,3.7620,2.1706
-400,Run 3,81,3.4210,2.0398
-400,Run 3,82,3.1850,1.9646
-400,Run 3,83,2.5845,1.7248
-400,Run 3,84,3.4405,2.0242
-400,Run 3,85,3.0550,1.9199
0,Run 4,16,9.8225,3.7871
0,Run 4,17,7.2190,3.2828
0,Run 4,18,8.1820,3.5540
0,Run 4,19,8.4725,3.6687
0,Run 4,20,13.3500,4.6805
0,Run 4,21,11.6315,4.4050
0,Run 4,22,13.2430,4.9065
0,Run 4,23,11.9600,4.5119
0,Run 4,24,16.3020,5.5000
0,Run 4,25,20.2605,6.4172
0,Run 4,26,13.9320,5.2037
0,Run 4,27,16.8305,5.7410
0,Run 4,28,13.7320,5.2077
0,Run 4,29,25.0110,7.5490
0,Run 4,30,23.1655,7.2266
0,Run 4,31,28.5885,8.6131
0,Run 4,32,27.7255,8.4633
0,Run 4,33,27.2125,8.2773
0,Run 4,34,36.0780,10.1232
0,Run 4,35,33.7635,9.9719
0,Run 4,36,42.2895,11.9261
0,Run 4,37,36.5910,11.1316
0,Run 4,38,45.9555,13.1660
0,Run 4,39,59.1470,15.8342
0,Run 4,40,64.6860,16.6244
0,Run 4,41,70.5110,19.0157
0,Run 4,42,60.9700,16.9023
0,Run 4,43,87.1380,23.1190
0,Run 4,44,104.5900,26.6585
0,Run 4,45,116.2475,29.7702
0,Run 4,46,146.4045,36.1502
0,Run 4,47,149.9710,38.2548
0,Run 4,48,196.1200,48.8651
0,Run 4,49,282.7035,69.2539
0,Run 4,50,406.5570,97.7464
0,Run 4,51,407.2745,97.3526
0,Run 4,52,282.4420,69.8464
0,Run 4,53,195.8835,50.3118
0,Run 4,54,150.2245,38.9489
0,Run 4,55,147.1665,36.9269
0,Run 4,56,116.5885,29.1329
0,Run 4,57,104.9565,26.3180
0,Run 4,58,86.6380,22.6241
0,Run 4,59,61.1530,17.6340
0,Run 4,60,70.6085,19.1332
0,Run 4,61,64.8480,17.2145
0,Run 4,62,59.1635,15.4996
0,Run 4,63,45.6445,12.8164
0,Run 4,64,36.7215,11.0309
0,Run 4,65,42.5210,12.1578
0,Run 4,66,33.9500,9.9744
0,Run 4,67,36.3405,10.0377
0,Run 4,68,27.4070,8.5484
0,Run 4,69,28.1230,8.7094
0,Run 4,70,28.5325,8.6688
0,Run 4,71,23.2045,7.4689
0,Run 4,72,25.0160,7.6806
0,Run 4,73,13.8790,5.4836
0,Run 4,74,16.7465,5.8828
0,Run 4,75,14.1465,5.2639
0,Run 4,76,20.4595,6.6121
0,Run 4,77,16.2610,5.5200
0,Run 4,78,11.8955,4.5222
0,Run 4,79,13.3975,4.8701
0,Run 4,80,11.7610,4.4213
0,Run 4,81,13.2445,4.6685
0,Run 4,82,8.5575,3.7391
0,Run 4,83,8.1605,3.5443
0,Run 4,84,7.1655,3.2506
0,Run 4,85,9.8410,4.0390
