x_mm,run_label,global_id,mean_npe,n,mean_tn_ps,rms_tn_ps,stat_floor_ps,cluster_truncated
-690,Run 1,16,318.69,1,342.375,5.544,4.707,True
-690,Run 1,16,318.69,2,345.387,13.902,6.656,True
-690,Run 1,16,318.69,3,351.437,27.532,8.152,True
-690,Run 1,16,318.69,4,363.809,43.998,9.414,True
-690,Run 1,16,318.69,5,383.766,60.380,10.525,True
-690,Run 1,16,318.69,6,408.555,72.320,11.529,True
-690,Run 1,16,318.69,7,436.067,78.984,12.453,True
-690,Run 1,16,318.69,8,463.777,80.729,13.313,True
-690,Run 1,16,318.69,9,489.701,80.027,14.120,True
-690,Run 1,16,318.69,10,512.826,76.964,14.884,True
-690,Run 1,16,318.69,11,534.130,72.803,15.611,True
-690,Run 1,16,318.69,12,552.900,70.568,16.305,True
-690,Run 1,16,318.69,13,569.867,68.449,16.971,True
-690,Run 1,16,318.69,14,585.645,66.519,17.611,True
-690,Run 1,16,318.69,15,599.660,65.985,18.229,True
-690,Run 1,16,318.69,16,613.813,65.822,18.827,True
-690,Run 1,16,318.69,17,626.406,66.327,19.407,True
-690,Run 1,16,318.69,18,639.573,67.174,19.969,True
-690,Run 1,16,318.69,19,652.599,68.195,20.517,True
-690,Run 1,16,318.69,20,665.239,69.147,21.050,True
-690,Run 1,17,343.73,1,362.459,11.925,4.364,True
-690,Run 1,17,343.73,2,371.193,29.034,6.171,True
-690,Run 1,17,343.73,3,386.368,48.779,7.558,True
-690,Run 1,17,343.73,4,408.138,65.023,8.728,True
-690,Run 1,17,343.73,5,437.327,77.713,9.758,True
-690,Run 1,17,343.73,6,469.110,84.152,10.689,True
-690,Run 1,17,343.73,7,500.619,84.628,11.546,True
-690,Run 1,17,343.73,8,529.836,80.827,12.343,True
-690,Run 1,17,343.73,9,556.228,76.961,13.092,True
-690,Run 1,17,343.73,10,578.398,73.005,13.800,True
-690,Run 1,17,343.73,11,598.163,71.031,14.473,True
-690,Run 1,17,343.73,12,616.544,69.776,15.117,True
-690,Run 1,17,343.73,13,634.553,69.468,15.734,True
-690,Run 1,17,343.73,14,650.667,70.224,16.328,True
-690,Run 1,17,343.73,15,666.628,71.216,16.901,True
-690,Run 1,17,343.73,16,682.913,72.713,17.455,True
-690,Run 1,17,343.73,17,698.632,74.030,17.993,True
-690,Run 1,17,343.73,18,713.528,74.641,18.514,True
-690,Run 1,17,343.73,19,727.793,75.302,19.022,True
-690,Run 1,17,343.73,20,742.092,75.944,19.516,True
-690,Run 1,18,232.70,1,427.347,34.742,6.446,True
-690,Run 1,18,232.70,2,459.665,67.155,9.116,True
-690,Run 1,18,232.70,3,504.060,86.613,11.165,True
-690,Run 1,18,232.70,4,549.119,91.490,12.892,True
-690,Run 1,18,232.70,5,589.707,88.812,14.414,True
-690,Run 1,18,232.70,6,625.363,85.014,15.789,True
-690,Run 1,18,232.70,7,655.358,81.886,17.055,True
-690,Run 1,18,232.70,8,681.792,82.523,18.232,True
-690,Run 1,18,232.70,9,708.202,83.989,19.338,True
-690,Run 1,18,232.70,10,734.371,85.130,20.384,True
-690,Run 1,18,232.70,11,758.801,85.519,21.379,True
-690,Run 1,18,232.70,12,781.804,85.328,22.330,True
-690,Run 1,18,232.70,13,803.119,86.136,23.241,True
-690,Run 1,18,232.70,14,824.126,85.483,24.119,True
-690,Run 1,18,232.70,15,843.918,86.257,24.965,True
-690,Run 1,18,232.70,16,862.274,87.412,25.784,True
-690,Run 1,18,232.70,17,880.577,87.654,26.578,True
-690,Run 1,18,232.70,18,898.545,89.048,27.348,True
-690,Run 1,18,232.70,19,915.712,90.159,28.097,True
-690,Run 1,18,232.70,20,932.879,92.118,28.827,True
-400,Run 3,29,253.72,1,403.533,27.649,5.912,False
-400,Run 3,29,253.72,2,425.208,52.793,8.361,False
-400,Run 3,29,253.72,3,459.545,75.245,10.240,False
-400,Run 3,29,253.72,4,501.526,88.799,11.824,False
-400,Run 3,29,253.72,5,542.412,90.739,13.220,False
-400,Run 3,29,253.72,6,579.204,87.601,14.481,False
-400,Run 3,29,253.72,7,609.909,82.840,15.642,False
-400,Run 3,29,253.72,8,636.877,80.834,16.722,False
-400,Run 3,29,253.72,9,662.840,78.875,17.736,False
-400,Run 3,29,253.72,10,685.922,79.730,18.695,False
-400,Run 3,29,253.72,11,707.866,81.529,19.608,False
-400,Run 3,29,253.72,12,729.003,82.373,20.480,False
-400,Run 3,29,253.72,13,750.130,83.385,21.316,False
-400,Run 3,29,253.72,14,769.859,84.316,22.121,False
-400,Run 3,29,253.72,15,789.435,84.652,22.897,False
-400,Run 3,29,253.72,16,807.660,85.089,23.648,False
-400,Run 3,29,253.72,17,824.760,85.924,24.376,False
-400,Run 3,29,253.72,18,841.721,86.670,25.083,False
-400,Run 3,29,253.72,19,858.418,87.221,25.770,False
-400,Run 3,29,253.72,20,874.297,87.162,26.439,False
-400,Run 3,30,365.69,1,350.511,8.219,4.102,False
-400,Run 3,30,365.69,2,355.746,18.794,5.801,False
-400,Run 3,30,365.69,3,366.623,36.510,7.105,False
-400,Run 3,30,365.69,4,383.406,52.961,8.204,False
-400,Run 3,30,365.69,5,406.417,67.643,9.172,False
-400,Run 3,30,365.69,6,434.613,76.820,10.047,False
-400,Run 3,30,365.69,7,463.944,80.649,10.852,False
-400,Run 3,30,365.69,8,493.011,80.673,11.602,False
-400,Run 3,30,365.69,9,518.479,78.138,12.305,False
-400,Run 3,30,365.69,10,541.583,73.621,12.971,False
-400,Run 3,30,365.69,11,562.215,69.194,13.604,False
-400,Run 3,30,365.69,12,580.941,66.338,14.209,False
-400,Run 3,30,365.69,13,597.353,64.596,14.789,False
-400,Run 3,30,365.69,14,613.402,63.504,15.348,False
-400,Run 3,30,365.69,15,628.118,64.183,15.886,False
-400,Run 3,30,365.69,16,642.604,65.423,16.407,False
-400,Run 3,30,365.69,17,656.098,67.007,16.912,False
-400,Run 3,30,365.69,18,670.480,68.555,17.402,False
-400,Run 3,30,365.69,19,684.587,69.851,17.879,False
-400,Run 3,30,365.69,20,698.049,70.905,18.344,False
-400,Run 3,31,367.19,1,345.781,8.367,4.085,False
-400,Run 3,31,367.19,2,350.805,19.096,5.777,False
-400,Run 3,31,367.19,3,359.735,34.822,7.076,False
-400,Run 3,31,367.19,4,373.918,50.631,8.170,False
-400,Run 3,31,367.19,5,395.300,65.552,9.135,False
-400,Run 3,31,367.19,6,420.294,74.914,10.006,False
-400,Run 3,31,367.19,7,448.874,80.679,10.808,False
-400,Run 3,31,367.19,8,476.350,82.414,11.554,False
-400,Run 3,31,367.19,9,503.174,80.891,12.255,False
-400,Run 3,31,367.19,10,527.193,76.388,12.918,False
-400,Run 3,31,367.19,11,548.146,72.281,13.549,False
-400,Run 3,31,367.19,12,566.989,69.051,14.151,False
-400,Run 3,31,367.19,13,583.986,66.316,14.729,False
-400,Run 3,31,367.19,14,599.431,65.117,15.285,False
-400,Run 3,31,367.19,15,614.274,64.232,15.822,False
-400,Run 3,31,367.19,16,628.248,64.889,16.340,False
-400,Run 3,31,367.19,17,642.030,66.068,16.843,False
-400,Run 3,31,367.19,18,655.228,67.055,17.332,False
-400,Run 3,31,367.19,19,667.613,67.883,17.807,False
-400,Run 3,31,367.19,20,680.787,69.426,18.269,False
-400,Run 3,32,256.08,1,389.800,24.622,5.857,False
-400,Run 3,32,256.08,2,406.490,46.917,8.284,False
-400,Run 3,32,256.08,3,434.192,68.107,10.145,False
-400,Run 3,32,256.08,4,469.509,82.741,11.715,False
-400,Run 3,32,256.08,5,508.100,88.640,13.098,False
-400,Run 3,32,256.08,6,545.102,86.494,14.348,False
-400,Run 3,32,256.08,7,578.364,80.927,15.497,False
-400,Run 3,32,256.08,8,606.733,77.717,16.567,False
-400,Run 3,32,256.08,9,630.533,75.108,17.572,False
-400,Run 3,32,256.08,10,652.835,75.196,18.523,False
-400,Run 3,32,256.08,11,673.761,76.657,19.427,False
-400,Run 3,32,256.08,12,693.307,78.358,20.291,False
-400,Run 3,32,256.08,13,713.435,80.931,21.119,False
-400,Run 3,32,256.08,14,733.718,82.169,21.917,False
-400,Run 3,32,256.08,15,752.950,83.915,22.686,False
-400,Run 3,32,256.08,16,770.787,84.611,23.430,False
-400,Run 3,32,256.08,17,789.020,85.829,24.151,False
-400,Run 3,32,256.08,18,805.804,87.045,24.851,False
-400,Run 3,32,256.08,19,822.583,88.448,25.532,False
-400,Run 3,32,256.08,20,838.571,88.724,26.195,False
-400,Run 3,33,180.79,1,470.683,48.857,8.297,False
-400,Run 3,33,180.79,2,518.615,79.837,11.734,False
-400,Run 3,33,180.79,3,573.250,91.881,14.371,False
-400,Run 3,33,180.79,4,622.102,91.165,16.594,False
-400,Run 3,33,180.79,5,662.804,87.840,18.553,False
-400,Run 3,33,180.79,6,698.408,86.467,20.323,False
-400,Run 3,33,180.79,7,732.230,88.652,21.952,False
-400,Run 3,33,180.79,8,763.720,90.529,23.468,False
-400,Run 3,33,180.79,9,793.318,92.197,24.891,False
-400,Run 3,33,180.79,10,822.595,93.354,26.238,False
-400,Run 3,33,180.79,11,849.360,94.332,27.518,False
-400,Run 3,33,180.79,12,875.586,95.457,28.742,False
-400,Run 3,33,180.79,13,899.347,96.448,29.915,False
-400,Run 3,33,180.79,14,923.073,98.081,31.045,False
-400,Run 3,33,180.79,15,945.716,99.757,32.134,False
-400,Run 3,33,180.79,16,967.895,102.763,33.188,False
-400,Run 3,33,180.79,17,990.266,104.785,34.210,False
-400,Run 3,33,180.79,18,1010.880,106.133,35.201,False
-400,Run 3,33,180.79,19,1031.453,108.251,36.166,False
-400,Run 3,33,180.79,20,1052.421,109.599,37.105,False
0,Run 4,48,174.35,1,490.318,55.222,8.604,False
0,Run 4,48,174.35,2,542.567,85.377,12.167,False
0,Run 4,48,174.35,3,598.692,95.700,14.902,False
0,Run 4,48,174.35,4,648.958,95.462,17.207,False
0,Run 4,48,174.35,5,691.581,94.345,19.238,False
0,Run 4,48,174.35,6,731.407,94.741,21.074,False
0,Run 4,48,174.35,7,767.406,97.784,22.763,False
0,Run 4,48,174.35,8,801.028,99.755,24.334,False
0,Run 4,48,174.35,9,831.433,101.305,25.811,False
0,Run 4,48,174.35,10,860.750,102.690,27.207,False
0,Run 4,48,174.35,11,888.825,103.753,28.535,False
0,Run 4,48,174.35,12,914.818,104.122,29.804,False
0,Run 4,48,174.35,13,940.226,105.004,31.020,False
0,Run 4,48,174.35,14,963.839,105.660,32.191,False
0,Run 4,48,174.35,15,987.342,106.643,33.321,False
0,Run 4,48,174.35,16,1010.746,107.918,34.414,False
0,Run 4,48,174.35,17,1032.379,108.814,35.473,False
0,Run 4,48,174.35,18,1053.990,110.833,36.502,False
0,Run 4,48,174.35,19,1076.291,113.023,37.502,False
0,Run 4,48,174.35,20,1096.907,115.094,38.476,False
0,Run 4,49,253.45,1,403.755,28.227,5.918,False
0,Run 4,49,253.45,2,427.072,55.510,8.370,False
0,Run 4,49,253.45,3,462.449,75.765,10.251,False
0,Run 4,49,253.45,4,502.929,87.126,11.837,False
0,Run 4,49,253.45,5,541.960,90.222,13.234,False
0,Run 4,49,253.45,6,578.382,86.512,14.497,False
0,Run 4,49,253.45,7,609.475,83.373,15.658,False
0,Run 4,49,253.45,8,636.625,79.522,16.740,False
0,Run 4,49,253.45,9,661.701,78.977,17.755,False
0,Run 4,49,253.45,10,685.467,80.369,18.715,False
0,Run 4,49,253.45,11,707.915,81.595,19.629,False
0,Run 4,49,253.45,12,728.733,83.212,20.502,False
0,Run 4,49,253.45,13,748.752,84.866,21.339,False
0,Run 4,49,253.45,14,768.840,85.168,22.144,False
0,Run 4,49,253.45,15,787.785,85.284,22.922,False
0,Run 4,49,253.45,16,806.280,86.215,23.673,False
0,Run 4,49,253.45,17,823.944,86.649,24.402,False
0,Run 4,49,253.45,18,841.042,86.708,25.109,False
0,Run 4,49,253.45,19,856.591,87.325,25.797,False
0,Run 4,49,253.45,20,872.244,88.549,26.468,False
0,Run 4,50,366.00,1,350.991,10.122,4.098,False
0,Run 4,50,366.00,2,356.615,20.919,5.796,False
0,Run 4,50,366.00,3,366.521,36.801,7.099,False
0,Run 4,50,366.00,4,383.023,53.608,8.197,False
0,Run 4,50,366.00,5,406.656,68.555,9.164,False
0,Run 4,50,366.00,6,434.667,77.893,10.039,False
0,Run 4,50,366.00,7,463.478,82.086,10.843,False
0,Run 4,50,366.00,8,492.086,81.718,11.592,False
0,Run 4,50,366.00,9,517.784,78.968,12.295,False
0,Run 4,50,366.00,10,541.193,74.931,12.960,False
0,Run 4,50,366.00,11,562.007,70.998,13.593,False
0,Run 4,50,366.00,12,579.933,68.065,14.197,False
0,Run 4,50,366.00,13,596.699,67.094,14.777,False
0,Run 4,50,366.00,14,612.599,66.541,15.335,False
0,Run 4,50,366.00,15,627.929,66.474,15.873,False
0,Run 4,50,366.00,16,642.402,67.464,16.393,False
0,Run 4,50,366.00,17,656.535,69.219,16.898,False
0,Run 4,50,366.00,18,671.182,71.155,17.388,False
0,Run 4,50,366.00,19,685.310,72.061,17.864,False
0,Run 4,50,366.00,20,698.814,73.203,18.328,False
0,Run 4,51,365.45,1,350.692,9.940,4.104,False
0,Run 4,51,365.45,2,356.360,20.421,5.805,False
0,Run 4,51,365.45,3,366.957,38.035,7.109,False
0,Run 4,51,365.45,4,384.755,55.646,8.209,False
0,Run 4,51,365.45,5,409.314,70.123,9.178,False
0,Run 4,51,365.45,6,436.035,78.301,10.054,False
0,Run 4,51,365.45,7,465.707,81.381,10.859,False
0,Run 4,51,365.45,8,494.787,80.937,11.609,False
0,Run 4,51,365.45,9,521.095,75.867,12.313,False
0,Run 4,51,365.45,10,543.735,72.626,12.980,False
0,Run 4,51,365.45,11,564.362,69.125,13.613,False
0,Run 4,51,365.45,12,582.385,67.076,14.218,False
0,Run 4,51,365.45,13,599.084,66.008,14.799,False
0,Run 4,51,365.45,14,614.714,66.083,15.358,False
0,Run 4,51,365.45,15,629.344,67.185,15.897,False
0,Run 4,51,365.45,16,644.372,68.352,16.418,False
0,Run 4,51,365.45,17,657.807,69.621,16.923,False
0,Run 4,51,365.45,18,671.228,70.783,17.414,False
0,Run 4,51,365.45,19,684.765,71.748,17.891,False
0,Run 4,51,365.45,20,698.791,72.595,18.356,False
0,Run 4,52,252.85,1,405.147,31.374,5.932,False
0,Run 4,52,252.85,2,428.739,56.693,8.390,False
0,Run 4,52,252.85,3,464.458,78.768,10.275,False
0,Run 4,52,252.85,4,503.393,89.721,11.865,False
0,Run 4,52,252.85,5,542.662,91.768,13.265,False
0,Run 4,52,252.85,6,579.348,87.096,14.531,False
0,Run 4,52,252.85,7,610.077,82.761,15.695,False
0,Run 4,52,252.85,8,636.156,79.206,16.779,False
0,Run 4,52,252.85,9,659.801,78.880,17.797,False
0,Run 4,52,252.85,10,683.242,80.349,18.760,False
0,Run 4,52,252.85,11,705.394,81.945,19.675,False
0,Run 4,52,252.85,12,726.401,82.768,20.550,False
0,Run 4,52,252.85,13,747.518,83.961,21.389,False
0,Run 4,52,252.85,14,767.611,85.042,22.197,False
0,Run 4,52,252.85,15,786.866,85.788,22.976,False
0,Run 4,52,252.85,16,805.453,85.649,23.729,False
0,Run 4,52,252.85,17,823.072,85.675,24.460,False
0,Run 4,52,252.85,18,840.013,86.693,25.169,False
0,Run 4,52,252.85,19,856.143,87.542,25.858,False
0,Run 4,52,252.85,20,871.630,88.446,26.530,False
