x_mm,group,side_role,N,n_events,n_reached,reach,frac_excluded,npe_mean,mean_ns,rms_ns,fit_mu_ns,sigma_fit_ns,sigma_fit_err_ns,fit_valid,fit_method,display_bin_width_ns,channels
-690,end_left,near,4,2000,2000,1.0,0.0,1554.831,0.258919,0.001972,,,,False,mean-rms,0.025,"(4, 5, 6, 7)"
-690,end_right,far,4,2000,1996,0.998,0.002,13.765,6.31142,0.598958,6.118706,0.379516,0.013463,True,fixed-25ps-gaussian-core,0.025,"(8, 9, 10, 11)"
-690,top_nearest,top,4,2000,2000,1.0,0.0,318.6865,0.363809,0.044009,0.341906,0.007768,,False,mean-rms-ultrafine,0.025,"(16,)"
-690,end_left,near,20,2000,2000,1.0,0.0,1554.831,0.284241,0.016939,0.280146,0.018606,,False,mean-rms-ultrafine,0.025,"(4, 5, 6, 7)"
-690,end_right,far,20,2000,217,0.1085,0.8915,13.765,9.027103,1.619607,8.591831,1.350627,0.132191,True,fixed-25ps-gaussian-core,0.025,"(8, 9, 10, 11)"
-690,top_nearest,top,20,2000,2000,1.0,0.0,318.6865,0.665239,0.069164,0.659945,0.067231,0.006519,True,fixed-25ps-gaussian-core,0.025,"(16,)"
-670,end_left,near,4,2000,2000,1.0,0.0,1291.5335,0.346878,0.004496,,,,False,mean-rms,0.025,"(0, 1, 2, 3)"
-670,end_right,far,4,2000,1998,0.999,0.001,14.492,6.17426,0.542126,6.013642,0.372843,0.014852,True,fixed-25ps-gaussian-core,0.025,"(8, 9, 10, 11)"
-670,top_nearest,top,4,2000,2000,1.0,0.0,318.4955,0.365753,0.0468,0.3424,0.006854,,False,mean-rms-ultrafine,0.025,"(17,)"
-670,end_left,near,20,2000,2000,1.0,0.0,1291.5335,0.415314,0.031352,0.409956,0.032889,0.004004,True,fixed-25ps-gaussian-core,0.025,"(0, 1, 2, 3)"
-670,end_right,far,20,2000,279,0.1395,0.8605,14.492,9.351042,1.919086,8.792721,1.359364,0.115106,True,fixed-25ps-gaussian-core,0.025,"(8, 9, 10, 11)"
-670,top_nearest,top,20,2000,2000,1.0,0.0,318.4955,0.664233,0.066875,0.659478,0.061784,0.007213,True,fixed-25ps-gaussian-core,0.025,"(17,)"
-650,end_left,near,4,2000,2000,1.0,0.0,1071.6755,0.434806,0.006912,,,,False,mean-rms,0.025,"(0, 1, 2, 3)"
-650,end_right,far,4,2000,1999,0.9995,0.0005,15.006,6.061549,0.501443,5.914913,0.345143,0.013778,True,fixed-25ps-gaussian-core,0.025,"(8, 9, 10, 11)"
-650,top_nearest,top,4,2000,2000,1.0,0.0,317.989,0.364835,0.045939,0.339991,0.008268,,False,mean-rms-ultrafine,0.025,"(18,)"
-650,end_left,near,20,2000,2000,1.0,0.0,1071.6755,0.535846,0.039733,0.531727,0.039533,0.001751,True,fixed-25ps-gaussian-core,0.025,"(0, 1, 2, 3)"
-650,end_right,far,20,2000,327,0.1635,0.8365,15.006,9.152266,1.798357,8.516006,1.409831,0.121599,True,fixed-25ps-gaussian-core,0.025,"(8, 9, 10, 11)"
-650,top_nearest,top,20,2000,2000,1.0,0.0,317.989,0.665781,0.068772,0.660978,0.064168,0.006032,True,fixed-25ps-gaussian-core,0.025,"(18,)"
-600,end_left,near,4,2000,2000,1.0,0.0,755.3575,0.658577,0.019833,0.660899,0.010105,,False,mean-rms-ultrafine,0.025,"(4, 5, 6, 7)"
-600,end_right,far,4,2000,1999,0.9995,0.0005,17.002,5.817036,0.481648,5.701982,0.323091,0.011233,True,fixed-25ps-gaussian-core,0.025,"(12, 13, 14, 15)"
-600,top_nearest,top,4,2000,2000,1.0,0.0,370.7175,0.37139,0.049022,0.353833,0.012824,,False,mean-rms-ultrafine,0.025,"(21,)"
-600,end_left,near,20,2000,2000,1.0,0.0,755.3575,0.825686,0.049011,0.82712,0.047867,0.002916,True,fixed-25ps-gaussian-core,0.025,"(4, 5, 6, 7)"
-600,end_right,far,20,2000,503,0.2515,0.7485,17.002,8.880911,1.771592,8.275375,1.344222,0.095193,True,fixed-25ps-gaussian-core,0.025,"(12, 13, 14, 15)"
-600,top_nearest,top,20,2000,2000,1.0,0.0,370.7175,0.677857,0.070337,0.67446,0.06816,0.007031,True,fixed-25ps-gaussian-core,0.025,"(21,)"
-550,end_left,near,4,2000,2000,1.0,0.0,586.444,0.880798,0.026087,0.873633,0.012901,,False,mean-rms-ultrafine,0.025,"(4, 5, 6, 7)"
-550,end_right,far,4,2000,2000,1.0,0.0,19.1795,5.548188,0.363015,5.469759,0.301888,0.012655,True,fixed-25ps-gaussian-core,0.025,"(8, 9, 10, 11)"
-550,top_nearest,top,4,2000,2000,1.0,0.0,316.9495,0.36646,0.047424,0.340089,0.008402,,False,mean-rms-ultrafine,0.025,"(23,)"
-550,end_left,near,20,2000,2000,1.0,0.0,586.444,1.070928,0.052408,1.073504,0.045755,0.001574,True,fixed-25ps-gaussian-core,0.025,"(4, 5, 6, 7)"
-550,end_right,far,20,2000,838,0.419,0.581,19.1795,8.710403,1.919281,8.036461,1.373935,0.080433,True,fixed-25ps-gaussian-core,0.025,"(8, 9, 10, 11)"
-550,top_nearest,top,20,2000,2000,1.0,0.0,316.9495,0.665381,0.068625,0.656913,0.063165,0.005562,True,fixed-25ps-gaussian-core,0.025,"(23,)"
-500,end_left,near,4,2000,2000,1.0,0.0,457.707,1.100023,0.031982,1.088357,0.019579,0.008444,False,mean-rms,0.025,"(4, 5, 6, 7)"
-500,end_right,far,4,2000,2000,1.0,0.0,21.3305,5.298991,0.336365,5.230436,0.288777,0.012881,True,fixed-25ps-gaussian-core,0.025,"(8, 9, 10, 11)"
-500,top_nearest,top,4,2000,2000,1.0,0.0,373.2415,0.371218,0.047817,0.347114,0.009439,,False,mean-rms-ultrafine,0.025,"(26,)"
-500,end_left,near,20,2000,2000,1.0,0.0,457.707,1.315365,0.062219,1.314153,0.058217,0.002187,True,fixed-25ps-gaussian-core,0.025,"(4, 5, 6, 7)"
-500,end_right,far,20,2000,1089,0.5445,0.4555,21.3305,8.204086,1.754855,7.536422,1.141034,0.051947,True,fixed-25ps-gaussian-core,0.025,"(8, 9, 10, 11)"
-500,top_nearest,top,20,2000,2000,1.0,0.0,373.2415,0.674933,0.070257,0.672582,0.069433,0.004824,True,fixed-25ps-gaussian-core,0.025,"(26,)"
-450,end_left,near,4,2000,2000,1.0,0.0,363.955,1.311659,0.039111,1.305339,0.020859,,False,mean-rms-ultrafine,0.025,"(4, 5, 6, 7)"
-450,end_right,far,4,2000,2000,1.0,0.0,23.694,5.068933,0.303624,5.007834,0.267169,0.012383,True,fixed-25ps-gaussian-core,0.025,"(8, 9, 10, 11)"
-450,top_nearest,top,4,2000,2000,1.0,0.0,319.4135,0.363887,0.044868,0.340092,0.007972,,False,mean-rms-ultrafine,0.025,"(28,)"
-450,end_left,near,20,2000,2000,1.0,0.0,363.955,1.555555,0.071192,1.55966,0.069227,0.003447,True,fixed-25ps-gaussian-core,0.025,"(4, 5, 6, 7)"
-450,end_right,far,20,2000,1383,0.6915,0.3085,23.694,7.795509,1.634932,7.222206,1.087664,0.043027,True,fixed-25ps-gaussian-core,0.025,"(8, 9, 10, 11)"
-450,top_nearest,top,20,2000,2000,1.0,0.0,319.4135,0.66584,0.068624,0.660758,0.065008,0.007035,True,fixed-25ps-gaussian-core,0.025,"(28,)"
-400,end_left,near,4,2000,2000,1.0,0.0,301.7885,1.514545,0.046276,1.517051,0.023431,,False,mean-rms-ultrafine,0.025,"(0, 1, 2, 3)"
-400,end_right,far,4,2000,2000,1.0,0.0,27.9975,4.823936,0.256267,4.777067,0.223869,0.006541,True,fixed-25ps-gaussian-core,0.025,"(8, 9, 10, 11)"
-400,top_nearest,top,4,2000,2000,1.0,0.0,367.1865,0.373918,0.050643,0.356122,0.011374,,False,mean-rms-ultrafine,0.025,"(31,)"
-400,end_left,near,20,2000,2000,1.0,0.0,301.7885,1.780575,0.079951,1.781606,0.077576,0.001722,True,fixed-25ps-gaussian-core,0.025,"(0, 1, 2, 3)"
-400,end_right,far,20,2000,1767,0.8835,0.1165,27.9975,7.120261,1.333095,6.633014,0.794335,0.02781,True,fixed-25ps-gaussian-core,0.025,"(8, 9, 10, 11)"
-400,top_nearest,top,20,2000,2000,1.0,0.0,367.1865,0.680787,0.069444,0.678888,0.072088,0.004478,True,fixed-25ps-gaussian-core,0.025,"(31,)"
-350,end_left,near,4,2000,2000,1.0,0.0,249.451,1.719493,0.058641,1.727746,0.029688,0.005344,True,fixed-25ps-gaussian-core,0.025,"(0, 1, 2, 3)"
-350,end_right,far,4,2000,2000,1.0,0.0,31.3415,4.609695,0.239107,4.569031,0.218549,0.006964,True,fixed-25ps-gaussian-core,0.025,"(8, 9, 10, 11)"
-350,top_nearest,top,4,2000,2000,1.0,0.0,318.9415,0.364008,0.044701,0.341014,0.007842,,False,mean-rms-ultrafine,0.025,"(33,)"
-350,end_left,near,20,2000,2000,1.0,0.0,249.451,2.014756,0.088949,2.014345,0.085095,0.002533,True,fixed-25ps-gaussian-core,0.025,"(0, 1, 2, 3)"
-350,end_right,far,20,2000,1881,0.9405,0.0595,31.3415,6.62044,1.213565,6.208368,0.692682,0.024702,True,fixed-25ps-gaussian-core,0.025,"(8, 9, 10, 11)"
-350,top_nearest,top,20,2000,2000,1.0,0.0,318.9415,0.66483,0.066575,0.660496,0.062948,0.008225,True,fixed-25ps-gaussian-core,0.025,"(33,)"
-300,end_left,near,4,2000,2000,1.0,0.0,201.8235,1.926944,0.065091,1.93652,0.044972,0.010673,True,fixed-25ps-gaussian-core,0.025,"(0, 1, 2, 3)"
-300,end_right,far,4,2000,2000,1.0,0.0,34.237,4.412308,0.219555,4.372811,0.199234,0.007625,True,fixed-25ps-gaussian-core,0.025,"(12, 13, 14, 15)"
-300,top_nearest,top,4,2000,2000,1.0,0.0,370.5675,0.372992,0.049111,0.348122,0.012547,,False,mean-rms-ultrafine,0.025,"(36,)"
-300,end_left,near,20,2000,2000,1.0,0.0,201.8235,2.267294,0.102373,2.262737,0.092956,0.003102,True,fixed-25ps-gaussian-core,0.025,"(0, 1, 2, 3)"
-300,end_right,far,20,2000,1959,0.9795,0.0205,34.237,6.200517,1.056469,5.865447,0.607331,0.021421,True,fixed-25ps-gaussian-core,0.025,"(12, 13, 14, 15)"
-300,top_nearest,top,20,2000,2000,1.0,0.0,370.5675,0.678933,0.070161,0.677005,0.071084,0.005074,True,fixed-25ps-gaussian-core,0.025,"(36,)"
-250,end_left,near,4,2000,2000,1.0,0.0,171.687,2.132151,0.077136,2.144039,0.067629,0.010812,True,fixed-25ps-gaussian-core,0.025,"(4, 5, 6, 7)"
-250,end_right,far,4,2000,2000,1.0,0.0,38.731,4.175308,0.195275,4.151159,0.18443,0.006091,True,fixed-25ps-gaussian-core,0.025,"(8, 9, 10, 11)"
-250,top_nearest,top,4,2000,2000,1.0,0.0,318.0885,0.365656,0.046609,0.342685,0.006771,,False,mean-rms-ultrafine,0.025,"(38,)"
-250,end_left,near,20,2000,2000,1.0,0.0,171.687,2.525032,0.118126,2.521646,0.110492,0.00432,True,fixed-25ps-gaussian-core,0.025,"(4, 5, 6, 7)"
-250,end_right,far,20,2000,1991,0.9955,0.0045,38.731,5.638377,0.800989,5.431713,0.503628,0.015976,True,fixed-25ps-gaussian-core,0.025,"(8, 9, 10, 11)"
-250,top_nearest,top,20,2000,2000,1.0,0.0,318.0885,0.664434,0.06693,0.66234,0.068652,0.00942,True,fixed-25ps-gaussian-core,0.025,"(38,)"
-200,end_left,near,4,2000,2000,1.0,0.0,145.669,2.329714,0.085271,2.334743,0.080649,0.007452,True,fixed-25ps-gaussian-core,0.025,"(4, 5, 6, 7)"
-200,end_right,far,4,2000,2000,1.0,0.0,44.3715,3.960249,0.177858,3.939184,0.166121,0.005543,True,fixed-25ps-gaussian-core,0.025,"(8, 9, 10, 11)"
-200,top_nearest,top,4,2000,2000,1.0,0.0,370.098,0.373746,0.050049,0.352994,0.013352,,False,mean-rms-ultrafine,0.025,"(41,)"
-200,end_left,near,20,2000,2000,1.0,0.0,145.669,2.769853,0.13206,2.761017,0.127505,0.003709,True,fixed-25ps-gaussian-core,0.025,"(4, 5, 6, 7)"
-200,end_right,far,20,2000,1999,0.9995,0.0005,44.3715,5.18676,0.563629,5.04855,0.415003,0.01597,True,fixed-25ps-gaussian-core,0.025,"(8, 9, 10, 11)"
-200,top_nearest,top,20,2000,2000,1.0,0.0,370.098,0.677244,0.069086,0.674147,0.067218,0.004648,True,fixed-25ps-gaussian-core,0.025,"(41,)"
-150,end_left,near,4,2000,2000,1.0,0.0,127.0485,2.525485,0.093839,2.528814,0.096372,0.008021,True,fixed-25ps-gaussian-core,0.025,"(0, 1, 2, 3)"
-150,end_right,far,4,2000,2000,1.0,0.0,50.2115,3.756651,0.167897,3.739235,0.167199,0.008269,True,fixed-25ps-gaussian-core,0.025,"(8, 9, 10, 11)"
-150,top_nearest,top,4,2000,2000,1.0,0.0,318.16,0.364831,0.045772,0.340592,0.008074,,False,mean-rms-ultrafine,0.025,"(43,)"
-150,end_left,near,20,2000,2000,1.0,0.0,127.0485,2.9975,0.146954,2.991567,0.137499,0.004619,True,fixed-25ps-gaussian-core,0.025,"(0, 1, 2, 3)"
-150,end_right,far,20,2000,2000,1.0,0.0,50.2115,4.814037,0.422982,4.731523,0.351866,0.011537,True,fixed-25ps-gaussian-core,0.025,"(8, 9, 10, 11)"
-150,top_nearest,top,20,2000,2000,1.0,0.0,318.16,0.664401,0.068133,0.65887,0.06493,0.007164,True,fixed-25ps-gaussian-core,0.025,"(43,)"
-100,end_left,near,4,2000,2000,1.0,0.0,102.654,2.732411,0.103793,2.732664,0.104597,0.009246,True,fixed-25ps-gaussian-core,0.025,"(0, 1, 2, 3)"
-100,end_right,far,4,2000,2000,1.0,0.0,59.573,3.542152,0.148596,3.532817,0.146037,0.004872,True,fixed-25ps-gaussian-core,0.025,"(8, 9, 10, 11)"
-100,top_nearest,top,4,2000,2000,1.0,0.0,372.455,0.371766,0.047893,0.347187,0.008945,,False,mean-rms-ultrafine,0.025,"(46,)"
-100,end_left,near,20,2000,2000,1.0,0.0,102.654,3.287011,0.180717,3.281549,0.169397,0.005868,True,fixed-25ps-gaussian-core,0.025,"(0, 1, 2, 3)"
-100,end_right,far,20,2000,2000,1.0,0.0,59.573,4.431982,0.325697,4.379238,0.289377,0.009998,True,fixed-25ps-gaussian-core,0.025,"(8, 9, 10, 11)"
-100,top_nearest,top,20,2000,2000,1.0,0.0,372.455,0.674865,0.071649,0.673631,0.069997,0.004483,True,fixed-25ps-gaussian-core,0.025,"(46,)"
-50,end_left,near,4,2000,2000,1.0,0.0,89.284,2.94025,0.113284,2.938594,0.114791,0.006572,True,fixed-25ps-gaussian-core,0.025,"(4, 5, 6, 7)"
-50,end_right,far,4,2000,2000,1.0,0.0,66.6125,3.344125,0.136546,3.33381,0.133612,0.005448,True,fixed-25ps-gaussian-core,0.025,"(8, 9, 10, 11)"
-50,top_nearest,top,4,2000,2000,1.0,0.0,318.1685,0.366673,0.047721,0.341106,0.008455,,False,mean-rms-ultrafine,0.025,"(48,)"
-50,end_left,near,20,2000,2000,1.0,0.0,89.284,3.55793,0.19648,3.535122,0.181504,0.006117,True,fixed-25ps-gaussian-core,0.025,"(4, 5, 6, 7)"
-50,end_right,far,20,2000,2000,1.0,0.0,66.6125,4.142899,0.276847,4.113916,0.262002,0.006758,True,fixed-25ps-gaussian-core,0.025,"(8, 9, 10, 11)"
-50,top_nearest,top,20,2000,2000,1.0,0.0,318.1685,0.66506,0.067532,0.661599,0.064704,0.008015,True,fixed-25ps-gaussian-core,0.025,"(48,)"
0,end_left,near,4,2000,2000,1.0,0.0,75.906,3.132778,0.126618,3.124223,0.127878,0.004592,True,fixed-25ps-gaussian-core,0.025,"(0, 1, 2, 3)"
0,end_right,near,4,2000,2000,1.0,0.0,76.051,3.137703,0.124693,3.131967,0.126503,0.006337,True,fixed-25ps-gaussian-core,0.025,"(8, 9, 10, 11)"
0,top_nearest,top,4,2000,2000,1.0,0.0,365.9995,0.383023,0.053621,0.364242,0.009549,,False,mean-rms-ultrafine,0.025,"(50,)"
0,end_left,near,20,2000,2000,1.0,0.0,75.906,3.843777,0.234748,3.82906,0.222455,0.007333,True,fixed-25ps-gaussian-core,0.025,"(0, 1, 2, 3)"
0,end_right,near,20,2000,2000,1.0,0.0,76.051,3.850299,0.234396,3.825832,0.216409,0.005496,True,fixed-25ps-gaussian-core,0.025,"(8, 9, 10, 11)"
0,top_nearest,top,20,2000,2000,1.0,0.0,365.9995,0.698814,0.073221,0.698538,0.077287,0.006035,True,fixed-25ps-gaussian-core,0.025,"(50,)"
50,end_left,far,4,2000,2000,1.0,0.0,66.171,3.34328,0.139142,3.333297,0.136504,0.004419,True,fixed-25ps-gaussian-core,0.025,"(0, 1, 2, 3)"
50,end_right,near,4,2000,2000,1.0,0.0,89.4345,2.936522,0.115178,2.933679,0.113761,0.005235,True,fixed-25ps-gaussian-core,0.025,"(12, 13, 14, 15)"
50,top_nearest,top,4,2000,2000,1.0,0.0,316.171,0.364327,0.045163,0.34008,0.007763,,False,mean-rms-ultrafine,0.025,"(53,)"
50,end_left,far,20,2000,2000,1.0,0.0,66.171,4.150636,0.284606,4.115767,0.245045,0.007044,True,fixed-25ps-gaussian-core,0.025,"(0, 1, 2, 3)"
50,end_right,near,20,2000,2000,1.0,0.0,89.4345,3.556824,0.200979,3.542655,0.1883,0.00646,True,fixed-25ps-gaussian-core,0.025,"(12, 13, 14, 15)"
50,top_nearest,top,20,2000,2000,1.0,0.0,316.171,0.666227,0.067549,0.663029,0.065065,0.006761,True,fixed-25ps-gaussian-core,0.025,"(53,)"
100,end_left,far,4,2000,2000,1.0,0.0,58.9925,3.546836,0.149677,3.539323,0.146623,0.00498,True,fixed-25ps-gaussian-core,0.025,"(0, 1, 2, 3)"
100,end_right,near,4,2000,2000,1.0,0.0,101.784,2.72471,0.107905,2.727846,0.106617,0.005898,True,fixed-25ps-gaussian-core,0.025,"(8, 9, 10, 11)"
100,top_nearest,top,4,2000,2000,1.0,0.0,369.322,0.37428,0.05095,0.357035,0.011082,,False,mean-rms-ultrafine,0.025,"(55,)"
100,end_left,far,20,2000,2000,1.0,0.0,58.9925,4.442262,0.329778,4.393927,0.288746,0.009275,True,fixed-25ps-gaussian-core,0.025,"(0, 1, 2, 3)"
100,end_right,near,20,2000,2000,1.0,0.0,101.784,3.284181,0.173895,3.276535,0.16522,0.004843,True,fixed-25ps-gaussian-core,0.025,"(8, 9, 10, 11)"
100,top_nearest,top,20,2000,2000,1.0,0.0,369.322,0.678183,0.067532,0.674339,0.067095,0.006502,True,fixed-25ps-gaussian-core,0.025,"(55,)"
150,end_left,far,4,2000,2000,1.0,0.0,50.2905,3.751916,0.160732,3.735377,0.153948,0.006204,True,fixed-25ps-gaussian-core,0.025,"(0, 1, 2, 3)"
150,end_right,near,4,2000,2000,1.0,0.0,126.876,2.521753,0.088134,2.526076,0.087499,0.00659,True,fixed-25ps-gaussian-core,0.025,"(8, 9, 10, 11)"
150,top_nearest,top,4,2000,2000,1.0,0.0,317.7435,0.365567,0.046918,0.340585,0.008067,,False,mean-rms-ultrafine,0.025,"(58,)"
150,end_left,far,20,2000,2000,1.0,0.0,50.2905,4.807621,0.420794,4.726544,0.359046,0.01136,True,fixed-25ps-gaussian-core,0.025,"(0, 1, 2, 3)"
150,end_right,near,20,2000,2000,1.0,0.0,126.876,2.996446,0.142294,2.987565,0.139951,0.004331,True,fixed-25ps-gaussian-core,0.025,"(8, 9, 10, 11)"
150,top_nearest,top,20,2000,2000,1.0,0.0,317.7435,0.666763,0.068435,0.661888,0.065195,0.003683,True,fixed-25ps-gaussian-core,0.025,"(58,)"
200,end_left,far,4,2000,2000,1.0,0.0,44.4075,3.965188,0.180914,3.947468,0.17661,0.005511,True,fixed-25ps-gaussian-core,0.025,"(0, 1, 2, 3)"
200,end_right,near,4,2000,2000,1.0,0.0,146.177,2.333854,0.084044,2.339569,0.077618,0.00724,True,fixed-25ps-gaussian-core,0.025,"(12, 13, 14, 15)"
200,top_nearest,top,4,2000,2000,1.0,0.0,371.486,0.371797,0.048956,0.351524,0.013949,,False,mean-rms-ultrafine,0.025,"(60,)"
200,end_left,far,20,2000,1997,0.9985,0.0015,44.4075,5.208069,0.583076,5.072257,0.440456,0.013976,True,fixed-25ps-gaussian-core,0.025,"(0, 1, 2, 3)"
200,end_right,near,20,2000,2000,1.0,0.0,146.177,2.771127,0.133844,2.768359,0.125848,0.005635,True,fixed-25ps-gaussian-core,0.025,"(12, 13, 14, 15)"
200,top_nearest,top,20,2000,2000,1.0,0.0,371.486,0.678836,0.070445,0.675295,0.071509,0.00704,True,fixed-25ps-gaussian-core,0.025,"(60,)"
250,end_left,far,4,2000,2000,1.0,0.0,38.77,4.169567,0.191156,4.149343,0.185504,0.005538,True,fixed-25ps-gaussian-core,0.025,"(0, 1, 2, 3)"
250,end_right,near,4,2000,2000,1.0,0.0,172.473,2.135512,0.075644,2.146355,0.06208,0.008602,True,fixed-25ps-gaussian-core,0.025,"(12, 13, 14, 15)"
250,top_nearest,top,4,2000,2000,1.0,0.0,317.4615,0.365675,0.046317,0.342582,0.007068,,False,mean-rms-ultrafine,0.025,"(63,)"
250,end_left,far,20,2000,1994,0.997,0.003,38.77,5.641654,0.770435,5.436178,0.520832,0.020895,True,fixed-25ps-gaussian-core,0.025,"(0, 1, 2, 3)"
250,end_right,near,20,2000,2000,1.0,0.0,172.473,2.522073,0.112394,2.51898,0.113387,0.004048,True,fixed-25ps-gaussian-core,0.025,"(12, 13, 14, 15)"
250,top_nearest,top,20,2000,2000,1.0,0.0,317.4615,0.665943,0.070002,0.662161,0.069359,0.005472,True,fixed-25ps-gaussian-core,0.025,"(63,)"
300,end_left,far,4,2000,2000,1.0,0.0,34.0425,4.412708,0.219555,4.382974,0.20688,0.007313,True,fixed-25ps-gaussian-core,0.025,"(4, 5, 6, 7)"
300,end_right,near,4,2000,2000,1.0,0.0,202.019,1.924242,0.065432,1.935567,0.047335,0.008519,True,fixed-25ps-gaussian-core,0.025,"(8, 9, 10, 11)"
300,top_nearest,top,4,2000,2000,1.0,0.0,369.9095,0.371508,0.047821,0.34684,0.009628,,False,mean-rms-ultrafine,0.025,"(65,)"
300,end_left,far,20,2000,1957,0.9785,0.0215,34.0425,6.216792,1.007816,5.870138,0.631037,0.025159,True,fixed-25ps-gaussian-core,0.025,"(4, 5, 6, 7)"
300,end_right,near,20,2000,2000,1.0,0.0,202.019,2.268668,0.104144,2.264393,0.103859,0.003617,True,fixed-25ps-gaussian-core,0.025,"(8, 9, 10, 11)"
300,top_nearest,top,20,2000,2000,1.0,0.0,369.9095,0.678412,0.0684,0.674815,0.069311,0.005607,True,fixed-25ps-gaussian-core,0.025,"(65,)"
350,end_left,far,4,2000,2000,1.0,0.0,31.5085,4.612217,0.242103,4.567601,0.214528,0.007592,True,fixed-25ps-gaussian-core,0.025,"(0, 1, 2, 3)"
350,end_right,near,4,2000,2000,1.0,0.0,248.824,1.722678,0.056421,1.728134,0.032754,0.004279,True,fixed-25ps-gaussian-core,0.025,"(8, 9, 10, 11)"
350,top_nearest,top,4,2000,2000,1.0,0.0,317.5865,0.364952,0.045819,0.3404,0.008019,,False,mean-rms-ultrafine,0.025,"(68,)"
350,end_left,far,20,2000,1909,0.9545,0.0455,31.5085,6.628035,1.300385,6.206673,0.678657,0.022401,True,fixed-25ps-gaussian-core,0.025,"(0, 1, 2, 3)"
350,end_right,near,20,2000,2000,1.0,0.0,248.824,2.015474,0.088328,2.016363,0.087156,0.003029,True,fixed-25ps-gaussian-core,0.025,"(8, 9, 10, 11)"
350,top_nearest,top,20,2000,2000,1.0,0.0,317.5865,0.666137,0.070088,0.662783,0.069667,0.005069,True,fixed-25ps-gaussian-core,0.025,"(68,)"
400,end_left,far,4,2000,2000,1.0,0.0,27.773,4.828569,0.249959,4.784911,0.228903,0.007882,True,fixed-25ps-gaussian-core,0.025,"(0, 1, 2, 3)"
400,end_right,near,4,2000,2000,1.0,0.0,300.04,1.516826,0.046098,1.516415,0.019383,,False,mean-rms-ultrafine,0.025,"(8, 9, 10, 11)"
400,top_nearest,top,4,2000,2000,1.0,0.0,366.2775,0.375517,0.051004,0.353989,0.013495,,False,mean-rms-ultrafine,0.025,"(70,)"
400,end_left,far,20,2000,1770,0.885,0.115,27.773,7.193113,1.443276,6.649222,0.821553,0.03033,True,fixed-25ps-gaussian-core,0.025,"(0, 1, 2, 3)"
400,end_right,near,20,2000,2000,1.0,0.0,300.04,1.783593,0.079691,1.783485,0.076513,0.002139,True,fixed-25ps-gaussian-core,0.025,"(8, 9, 10, 11)"
400,top_nearest,top,20,2000,2000,1.0,0.0,366.2775,0.678742,0.068697,0.675194,0.069383,0.005475,True,fixed-25ps-gaussian-core,0.025,"(70,)"
450,end_left,far,4,2000,2000,1.0,0.0,23.639,5.081217,0.30854,5.021721,0.253194,0.008264,True,fixed-25ps-gaussian-core,0.025,"(0, 1, 2, 3)"
450,end_right,near,4,2000,2000,1.0,0.0,364.594,1.31066,0.037225,1.30564,0.018214,,False,mean-rms-ultrafine,0.025,"(12, 13, 14, 15)"
450,top_nearest,top,4,2000,2000,1.0,0.0,318.7385,0.364272,0.045957,0.340682,0.007919,,False,mean-rms-ultrafine,0.025,"(73,)"
450,end_left,far,20,2000,1409,0.7045,0.2955,23.639,7.843096,1.707142,7.258405,1.082248,0.043247,True,fixed-25ps-gaussian-core,0.025,"(0, 1, 2, 3)"
450,end_right,near,20,2000,2000,1.0,0.0,364.594,1.552987,0.071029,1.553318,0.068191,0.001571,True,fixed-25ps-gaussian-core,0.025,"(12, 13, 14, 15)"
450,top_nearest,top,20,2000,2000,1.0,0.0,318.7385,0.66451,0.066942,0.661286,0.065587,0.00481,True,fixed-25ps-gaussian-core,0.025,"(73,)"
500,end_left,far,4,2000,2000,1.0,0.0,20.989,5.312138,0.337056,5.23096,0.273685,0.010815,True,fixed-25ps-gaussian-core,0.025,"(0, 1, 2, 3)"
500,end_right,near,4,2000,2000,1.0,0.0,450.7575,1.100996,0.03298,1.089164,0.019615,0.008034,False,mean-rms,0.025,"(12, 13, 14, 15)"
500,top_nearest,top,4,2000,2000,1.0,0.0,367.1165,0.371866,0.047296,0.34649,0.008212,,False,mean-rms-ultrafine,0.025,"(75,)"
500,end_left,far,20,2000,1053,0.5265,0.4735,20.989,8.324654,1.798724,7.66756,1.222817,0.062936,True,fixed-25ps-gaussian-core,0.025,"(0, 1, 2, 3)"
500,end_right,near,20,2000,2000,1.0,0.0,450.7575,1.317372,0.06212,1.317531,0.059204,0.002473,True,fixed-25ps-gaussian-core,0.025,"(12, 13, 14, 15)"
500,top_nearest,top,20,2000,2000,1.0,0.0,367.1165,0.679016,0.067741,0.674752,0.070061,0.005348,True,fixed-25ps-gaussian-core,0.025,"(75,)"
550,end_left,far,4,2000,2000,1.0,0.0,19.191,5.540978,0.372894,5.453146,0.299413,0.012137,True,fixed-25ps-gaussian-core,0.025,"(0, 1, 2, 3)"
550,end_right,near,4,2000,2000,1.0,0.0,590.7695,0.88028,0.025764,0.873732,0.012512,,False,mean-rms-ultrafine,0.025,"(12, 13, 14, 15)"
550,top_nearest,top,4,2000,2000,1.0,0.0,319.643,0.36496,0.045326,0.344227,0.006149,,False,mean-rms-ultrafine,0.025,"(78,)"
550,end_left,far,20,2000,833,0.4165,0.5835,19.191,8.768333,2.11954,7.936152,1.298999,0.065244,True,fixed-25ps-gaussian-core,0.025,"(0, 1, 2, 3)"
550,end_right,near,20,2000,2000,1.0,0.0,590.7695,1.06884,0.052331,1.071473,0.047451,0.002191,True,fixed-25ps-gaussian-core,0.025,"(12, 13, 14, 15)"
550,top_nearest,top,20,2000,2000,1.0,0.0,319.643,0.665682,0.066353,0.660267,0.062842,0.003624,True,fixed-25ps-gaussian-core,0.025,"(78,)"
600,end_left,far,4,2000,1999,0.9995,0.0005,16.743,5.82108,0.443588,5.700273,0.3306,0.011677,True,fixed-25ps-gaussian-core,0.025,"(4, 5, 6, 7)"
600,end_right,near,4,2000,2000,1.0,0.0,750.965,0.658716,0.018061,0.659574,0.013273,,False,mean-rms-ultrafine,0.025,"(12, 13, 14, 15)"
600,top_nearest,top,4,2000,2000,1.0,0.0,368.212,0.37214,0.0475,0.347557,0.007236,,False,mean-rms-ultrafine,0.025,"(80,)"
600,end_left,far,20,2000,512,0.256,0.744,16.743,8.960961,1.754846,8.387943,1.495962,0.107009,True,fixed-25ps-gaussian-core,0.025,"(4, 5, 6, 7)"
600,end_right,near,20,2000,2000,1.0,0.0,750.965,0.823457,0.047736,0.824544,0.047574,0.004535,True,fixed-25ps-gaussian-core,0.025,"(12, 13, 14, 15)"
600,top_nearest,top,20,2000,2000,1.0,0.0,368.212,0.679134,0.070334,0.677817,0.070012,0.006356,True,fixed-25ps-gaussian-core,0.025,"(80,)"
650,end_left,far,4,2000,1997,0.9985,0.0015,15.1605,6.049739,0.468636,5.945798,0.393647,0.016185,True,fixed-25ps-gaussian-core,0.025,"(0, 1, 2, 3)"
650,end_right,near,4,2000,2000,1.0,0.0,1076.769,0.435053,0.006948,,,,False,mean-rms,0.025,"(8, 9, 10, 11)"
650,top_nearest,top,4,2000,2000,1.0,0.0,319.6695,0.36466,0.044494,0.341947,0.007814,,False,mean-rms-ultrafine,0.025,"(83,)"
650,end_left,far,20,2000,338,0.169,0.831,15.1605,9.183154,2.063323,8.376381,1.363368,0.118926,True,fixed-25ps-gaussian-core,0.025,"(0, 1, 2, 3)"
650,end_right,near,20,2000,2000,1.0,0.0,1076.769,0.537239,0.040004,0.534714,0.039689,0.001507,True,fixed-25ps-gaussian-core,0.025,"(8, 9, 10, 11)"
650,top_nearest,top,20,2000,2000,1.0,0.0,319.6695,0.664391,0.066096,0.660871,0.062605,0.006319,True,fixed-25ps-gaussian-core,0.025,"(83,)"
670,end_left,far,4,2000,1997,0.9985,0.0015,14.1455,6.21263,0.593908,6.03664,0.392855,0.016531,True,fixed-25ps-gaussian-core,0.025,"(0, 1, 2, 3)"
670,end_right,near,4,2000,2000,1.0,0.0,1280.2955,0.346834,0.004005,,,,False,mean-rms,0.025,"(8, 9, 10, 11)"
670,top_nearest,top,4,2000,2000,1.0,0.0,316.436,0.36398,0.044253,0.34167,0.007791,,False,mean-rms-ultrafine,0.025,"(84,)"
670,end_left,far,20,2000,251,0.1255,0.8745,14.1455,9.332562,1.860359,8.785777,1.488451,0.129431,True,fixed-25ps-gaussian-core,0.025,"(0, 1, 2, 3)"
670,end_right,near,20,2000,2000,1.0,0.0,1280.2955,0.415496,0.03169,0.409224,0.032349,0.004583,True,fixed-25ps-gaussian-core,0.025,"(8, 9, 10, 11)"
670,top_nearest,top,20,2000,2000,1.0,0.0,316.436,0.665668,0.066866,0.662448,0.065395,0.007222,True,fixed-25ps-gaussian-core,0.025,"(84,)"
690,end_left,far,4,2000,1993,0.9965,0.0035,13.85,6.295162,0.610762,6.120093,0.397854,0.012416,True,fixed-25ps-gaussian-core,0.025,"(0, 1, 2, 3)"
690,end_right,near,4,2000,2000,1.0,0.0,1564.501,0.25881,0.002365,,,,False,mean-rms,0.025,"(12, 13, 14, 15)"
690,top_nearest,top,4,2000,2000,1.0,0.0,320.6475,0.363466,0.043396,0.346452,0.005995,,False,mean-rms-ultrafine,0.025,"(85,)"
690,end_left,far,20,2000,238,0.119,0.881,13.85,9.229912,1.677714,8.653657,1.429208,0.146159,True,fixed-25ps-gaussian-core,0.025,"(0, 1, 2, 3)"
690,end_right,near,20,2000,2000,1.0,0.0,1564.501,0.284209,0.016911,0.280451,0.018236,,False,mean-rms-ultrafine,0.025,"(12, 13, 14, 15)"
690,top_nearest,top,20,2000,2000,1.0,0.0,320.6475,0.66261,0.067873,0.660081,0.069873,0.008019,True,fixed-25ps-gaussian-core,0.025,"(85,)"
