x_mm,group,N_nominal,N_eff,reach_min,minimum_threshold,reach_nominal,reach_effective,npe_mean,reduced_threshold,starvation,sigma_fit_ns,sigma_fit_err_ns,resolution_limited
-690,end_far,20,7,0.95,4,0.1085,0.963,13.765,True,False,0.591942,0.02365,False
-690,end_near,4,4,0.95,4,1.0,1.0,1554.831,False,False,0.000567,2.4e-05,True
-690,top_nearest,4,4,0.95,4,1.0,1.0,318.6865,False,False,0.007779,0.001437,True
-670,end_far,20,7,0.95,4,0.1395,0.972,14.492,True,False,0.543378,0.021719,False
-670,end_near,4,4,0.95,4,1.0,1.0,1291.5335,False,False,0.001307,0.000102,True
-670,top_nearest,4,4,0.95,4,1.0,1.0,318.4955,False,False,0.008258,0.001481,True
-650,end_far,20,8,0.95,4,0.1635,0.957,15.006,True,False,0.596008,0.023175,False
-650,end_near,4,4,0.95,4,1.0,1.0,1071.6755,False,False,0.002733,0.000314,True
-650,top_nearest,4,4,0.95,4,1.0,1.0,317.989,False,False,0.008244,0.001479,True
-600,end_far,20,9,0.95,4,0.2515,0.9665,17.002,True,False,0.628702,0.023558,False
-600,end_near,4,4,0.95,4,1.0,1.0,755.3575,False,False,0.008962,0.004611,True
-600,top_nearest,4,4,0.95,4,1.0,1.0,370.7175,False,False,0.008637,0.000153,True
-550,end_far,20,11,0.95,4,0.419,0.955,19.1795,True,False,0.635726,0.022161,False
-550,end_near,4,4,0.95,4,1.0,1.0,586.444,False,False,0.016897,0.006519,True
-550,top_nearest,4,4,0.95,4,1.0,1.0,316.9495,False,False,0.00904,0.001209,True
-500,end_far,20,12,0.95,4,0.5445,0.9645,21.3305,True,False,0.647182,0.022974,False
-500,end_near,4,4,0.95,4,1.0,1.0,457.707,False,False,0.019437,0.000343,True
-500,top_nearest,4,4,0.95,4,1.0,1.0,373.2415,False,False,0.007402,0.000131,True
-450,end_far,20,14,0.95,4,0.6915,0.9565,23.694,True,False,0.682477,0.022984,False
-450,end_near,4,4,0.95,4,1.0,1.0,363.955,False,False,0.019413,0.004659,True
-450,top_nearest,4,4,0.95,4,1.0,1.0,319.4135,False,False,0.008067,0.001228,True
-400,end_far,20,17,0.95,4,0.8835,0.9575,27.9975,True,False,0.672542,0.023882,False
-400,end_near,4,4,0.95,4,1.0,1.0,301.7885,False,False,0.016022,0.002964,True
-400,top_nearest,4,4,0.95,4,1.0,1.0,367.1865,False,False,0.00871,0.007531,True
-350,end_far,20,19,0.95,4,0.9405,0.9585,31.3415,True,False,0.663657,0.022106,False
-350,end_near,4,4,0.95,4,1.0,1.0,249.451,False,False,0.030154,0.007001,False
-350,top_nearest,4,4,0.95,4,1.0,1.0,318.9415,False,False,0.00785,0.001543,True
-300,end_far,20,20,0.95,4,0.9795,0.9795,34.237,False,False,0.616433,0.018872,False
-300,end_near,4,4,0.95,4,1.0,1.0,201.8235,False,False,0.047207,0.009861,False
-300,top_nearest,4,4,0.95,4,1.0,1.0,370.5675,False,False,0.007151,0.000127,True
-250,end_far,20,20,0.95,4,0.9955,0.9955,38.731,False,False,0.507223,0.013441,False
-250,end_near,4,4,0.95,4,1.0,1.0,171.687,False,False,0.067002,0.007493,False
-250,top_nearest,4,4,0.95,4,1.0,1.0,318.0885,False,False,0.008354,0.001611,True
-200,end_far,20,20,0.95,4,0.9995,0.9995,44.3715,False,False,0.421825,0.014208,False
-200,end_near,4,4,0.95,4,1.0,1.0,145.669,False,False,0.080741,0.005684,False
-200,top_nearest,4,4,0.95,4,1.0,1.0,370.098,False,False,0.008593,0.007579,True
-150,end_far,20,20,0.95,4,1.0,1.0,50.2115,False,False,0.35673,0.009655,False
-150,end_near,4,4,0.95,4,1.0,1.0,127.0485,False,False,0.095046,0.006888,False
-150,top_nearest,4,4,0.95,4,1.0,1.0,318.16,False,False,0.008263,0.001455,True
-100,end_far,20,20,0.95,4,1.0,1.0,59.573,False,False,0.292698,0.009081,False
-100,end_near,4,4,0.95,4,1.0,1.0,102.654,False,False,0.103389,0.006695,False
-100,top_nearest,4,4,0.95,4,1.0,1.0,372.455,False,False,0.006648,0.000118,True
-50,end_far,20,20,0.95,4,1.0,1.0,66.6125,False,False,0.266787,0.006658,False
-50,end_near,4,4,0.95,4,1.0,1.0,89.284,False,False,0.115462,0.006481,False
-50,top_nearest,4,4,0.95,4,1.0,1.0,318.1685,False,False,0.009234,0.001032,True
0,end_far,20,20,0.95,4,1.0,1.0,76.051,False,False,0.221022,0.007124,False
0,end_near,4,4,0.95,4,1.0,1.0,75.906,False,False,0.127719,0.004441,False
0,top_nearest,4,4,0.95,4,1.0,1.0,365.9995,False,False,0.009594,0.007037,True
50,end_far,20,20,0.95,4,1.0,1.0,66.171,False,False,0.251263,0.006693,False
50,end_near,4,4,0.95,4,1.0,1.0,89.4345,False,False,0.114943,0.005356,False
50,top_nearest,4,4,0.95,4,1.0,1.0,316.171,False,False,0.007906,0.001811,True
100,end_far,20,20,0.95,4,1.0,1.0,58.9925,False,False,0.291183,0.007176,False
100,end_near,4,4,0.95,4,1.0,1.0,101.784,False,False,0.106173,0.006589,False
100,top_nearest,4,4,0.95,4,1.0,1.0,369.322,False,False,0.009044,0.006539,True
150,end_far,20,20,0.95,4,1.0,1.0,50.2905,False,False,0.36443,0.011122,False
150,end_near,4,4,0.95,4,1.0,1.0,126.876,False,False,0.087948,0.005405,False
150,top_nearest,4,4,0.95,4,1.0,1.0,317.7435,False,False,0.008321,0.001716,True
200,end_far,20,20,0.95,4,0.9985,0.9985,44.4075,False,False,0.445345,0.013363,False
200,end_near,4,4,0.95,4,1.0,1.0,146.177,False,False,0.078633,0.006375,False
200,top_nearest,4,4,0.95,4,1.0,1.0,371.486,False,False,0.008136,0.000144,True
250,end_far,20,20,0.95,4,0.997,0.997,38.77,False,False,0.520174,0.01594,False
250,end_near,4,4,0.95,4,1.0,1.0,172.473,False,False,0.064486,0.008943,False
250,top_nearest,4,4,0.95,4,1.0,1.0,317.4615,False,False,0.008611,0.001218,True
300,end_far,20,20,0.95,4,0.9785,0.9785,34.0425,False,False,0.638449,0.022625,False
300,end_near,4,4,0.95,4,1.0,1.0,202.019,False,False,0.048242,0.010431,False
300,top_nearest,4,4,0.95,4,1.0,1.0,369.9095,False,False,0.007067,0.000125,True
350,end_far,20,20,0.95,4,0.9545,0.9545,31.5085,False,False,0.693617,0.021533,False
350,end_near,4,4,0.95,4,1.0,1.0,248.824,False,False,0.021601,0.003475,False
350,top_nearest,4,4,0.95,4,1.0,1.0,317.5865,False,False,0.008281,0.001269,True
400,end_far,20,17,0.95,4,0.885,0.9675,27.773,True,False,0.687172,0.023648,False
400,end_near,4,4,0.95,4,1.0,1.0,300.04,False,False,0.017164,0.003006,True
400,top_nearest,4,4,0.95,4,1.0,1.0,366.2775,False,False,0.009029,0.00688,True
450,end_far,20,14,0.95,4,0.7045,0.9595,23.639,True,False,0.671949,0.023149,False
450,end_near,4,4,0.95,4,1.0,1.0,364.594,False,False,0.021057,0.006506,True
450,top_nearest,4,4,0.95,4,1.0,1.0,318.7385,False,False,0.008135,0.001677,True
500,end_far,20,12,0.95,4,0.5265,0.963,20.989,True,False,0.606502,0.022086,False
500,end_near,4,4,0.95,4,1.0,1.0,450.7575,False,False,0.011621,0.006253,True
500,top_nearest,4,4,0.95,4,1.0,1.0,367.1165,False,False,0.007089,0.000126,True
550,end_far,20,11,0.95,4,0.4165,0.954,19.191,True,False,0.63241,0.019798,False
550,end_near,4,4,0.95,4,1.0,1.0,590.7695,False,False,0.015147,0.005924,True
550,top_nearest,4,4,0.95,4,1.0,1.0,319.643,False,False,0.008166,0.001481,True
600,end_far,20,9,0.95,4,0.256,0.9595,16.743,True,False,0.660367,0.022544,False
600,end_near,4,4,0.95,4,1.0,1.0,750.965,False,False,0.013824,0.000229,True
600,top_nearest,4,4,0.95,4,1.0,1.0,368.212,False,False,0.007112,0.000127,True
650,end_far,20,8,0.95,4,0.169,0.9645,15.1605,True,False,0.6741,0.024091,False
650,end_near,4,4,0.95,4,1.0,1.0,1076.769,False,False,0.002577,0.000295,True
650,top_nearest,4,4,0.95,4,1.0,1.0,319.6695,False,False,0.007774,0.001894,True
670,end_far,20,7,0.95,4,0.1255,0.973,14.1455,True,False,0.591917,0.019659,False
670,end_near,4,4,0.95,4,1.0,1.0,1280.2955,False,False,0.001388,0.00013,True
670,top_nearest,4,4,0.95,4,1.0,1.0,316.436,False,False,0.007808,0.001714,True
690,end_far,20,7,0.95,4,0.119,0.9635,13.85,True,False,0.621593,0.024209,False
690,end_near,4,4,0.95,4,1.0,1.0,1564.501,False,False,0.000562,2.2e-05,True
690,top_nearest,4,4,0.95,4,1.0,1.0,320.6475,False,False,0.009209,0.007798,True
