frame,frametitle,include_exact,relative_path,expected_absolute,exists,size_bytes,extension,valid,validation,sha256,possible_generator,classification,search_candidates
5,Position x=-690 mm,\includegraphics[width=\textwidth]{figs/muon_-690mm_geometry.png},figs/muon_-690mm_geometry.png,/mnt/d/SHiP/ej230/results_ej230_analysis/figs/muon_-690mm_geometry.png,True,85711,.png,True,Pillow:PNG,1e7d92e62570553b732a1c4f79a854adca17db664553a4bf34735f3c93bf0d52,analysis/exec07_photon_budget.py,STATIC_GEOMETRY,/mnt/d/SHiP/ej230/results_ej230_analysis/report/figs/muon_-690mm_geometry.png;/mnt/d/SHiP/ej230/results_ej230_analysis/figs/figs/muon_-690mm_geometry.png
5,Position x=-690 mm,\includegraphics[width=\textwidth]{figs/muon_-690mm_top_profile.png},figs/muon_-690mm_top_profile.png,/mnt/d/SHiP/ej230/results_ej230_analysis/figs/muon_-690mm_top_profile.png,True,115351,.png,True,Pillow:PNG,cdefc007d39ad22330c450c56561e84c037e47609d0a400c653bd192d4b6d79c,analysis/exec07_photon_budget.py,EJ230_ANALYSIS,/mnt/d/SHiP/ej230/results_ej230_analysis/report/figs/muon_-690mm_top_profile.png;/mnt/d/SHiP/ej230/results_ej230_analysis/figs/figs/muon_-690mm_top_profile.png
6,Run 1 $|$ x = -690 mm $|$ Photon arrival $\langle N(t)\rangle$,"\includegraphics[width=\textwidth,height=0.78\textheight,keepaspectratio]{figs/exec11_arrival_-690mm.png}",figs/exec11_arrival_-690mm.png,/mnt/d/SHiP/ej230/results_ej230_analysis/figs/exec11_arrival_-690mm.png,True,229147,.png,True,Pillow:PNG,7b3d1af3f1442b7843e9d5537cdda3fa8c17fb4f13f32e8d4693cd33b8f9a5c5,analysis/exec07/exec11_time_arrival.py,EJ230_ANALYSIS,/mnt/d/SHiP/ej230/results_ej230_analysis/report/figs/exec11_arrival_-690mm.png;/mnt/d/SHiP/ej230/results_ej230_analysis/figs/figs/exec11_arrival_-690mm.png
7,Run 1 $|$ x = -690 mm $|$ Time-to-threshold $t_N$,"\includegraphics[width=\textwidth,height=0.84\textheight,keepaspectratio]{figs/exec13_tN_-690mm.png}",figs/exec13_tN_-690mm.png,/mnt/d/SHiP/ej230/results_ej230_analysis/figs/exec13_tN_-690mm.png,True,206429,.png,True,Pillow:PNG,a5e9c4a1e298450afc71ee4fcd4032d32cd2a97cb065c33a5a276c1c6c6f7f9e,analysis/exec13/exec13_tN_analysis.py,EJ230_ANALYSIS,/mnt/d/SHiP/ej230/results_ej230_analysis/report/figs/exec13_tN_-690mm.png;/mnt/d/SHiP/ej230/results_ej230_analysis/figs/figs/exec13_tN_-690mm.png
8,Run 1 $|$ x = -690 mm $|$ $\langle t_n\rangle$ per channel (dispersion),"\includegraphics[width=\textwidth,height=0.78\textheight,keepaspectratio]%\n{figs/exec13_tn_\1mm_\2.png}",figs/exec13_tn_\1mm_\2.png,/mnt/d/SHiP/ej230/results_ej230_analysis/figs/exec13_tn_\1mm_\2.png,False,0,.png,False,missing,,analysis/exec07/exec12b_tn_dispersion.py,EJ230_ANALYSIS,/mnt/d/SHiP/ej230/results_ej230_analysis/report/figs/exec13_tn_\1mm_\2.png;/mnt/d/SHiP/ej230/results_ej230_analysis/figs/figs/exec13_tn_\1mm_\2.png
8,Run 1 $|$ x = -690 mm $|$ $\langle t_n\rangle$ per channel (dispersion),"\includegraphics[width=\textwidth,height=0.37\textheight,keepaspectratio]%\n{figs/exec13_tn_\1mm_\2.png}",figs/exec13_tn_\1mm_\2.png,/mnt/d/SHiP/ej230/results_ej230_analysis/figs/exec13_tn_\1mm_\2.png,False,0,.png,False,missing,,analysis/exec07/exec12b_tn_dispersion.py,EJ230_ANALYSIS,/mnt/d/SHiP/ej230/results_ej230_analysis/report/figs/exec13_tn_\1mm_\2.png;/mnt/d/SHiP/ej230/results_ej230_analysis/figs/figs/exec13_tn_\1mm_\2.png
8,Run 1 $|$ x = -690 mm $|$ $\langle t_n\rangle$ per channel (dispersion),"\includegraphics[width=\textwidth,height=0.37\textheight,keepaspectratio]%\n{figs/exec13_tn_\1mm_\2.png}",figs/exec13_tn_\1mm_\2.png,/mnt/d/SHiP/ej230/results_ej230_analysis/figs/exec13_tn_\1mm_\2.png,False,0,.png,False,missing,,analysis/exec07/exec12b_tn_dispersion.py,EJ230_ANALYSIS,/mnt/d/SHiP/ej230/results_ej230_analysis/report/figs/exec13_tn_\1mm_\2.png;/mnt/d/SHiP/ej230/results_ej230_analysis/figs/figs/exec13_tn_\1mm_\2.png
9,Position x=-650 mm,\includegraphics[width=\textwidth]{figs/muon_-650mm_geometry.png},figs/muon_-650mm_geometry.png,/mnt/d/SHiP/ej230/results_ej230_analysis/figs/muon_-650mm_geometry.png,True,85090,.png,True,Pillow:PNG,7ebbefbd7b31815a5fb399a89ce7a890085a685e7115d4380185e227a90fb870,analysis/exec07_photon_budget.py,STATIC_GEOMETRY,/mnt/d/SHiP/ej230/results_ej230_analysis/report/figs/muon_-650mm_geometry.png;/mnt/d/SHiP/ej230/results_ej230_analysis/figs/figs/muon_-650mm_geometry.png
9,Position x=-650 mm,\includegraphics[width=\textwidth]{figs/muon_-650mm_top_profile.png},figs/muon_-650mm_top_profile.png,/mnt/d/SHiP/ej230/results_ej230_analysis/figs/muon_-650mm_top_profile.png,True,118836,.png,True,Pillow:PNG,162c97b2b2c703e2a69707c01028e2760738e714c75a424008e3033b88bd33bf,analysis/exec07_photon_budget.py,EJ230_ANALYSIS,/mnt/d/SHiP/ej230/results_ej230_analysis/report/figs/muon_-650mm_top_profile.png;/mnt/d/SHiP/ej230/results_ej230_analysis/figs/figs/muon_-650mm_top_profile.png
10,Run 2 $|$ x = -650 mm $|$ Photon arrival $\langle N(t)\rangle$,"\includegraphics[width=\textwidth,height=0.78\textheight,keepaspectratio]{figs/exec11_arrival_-650mm.png}",figs/exec11_arrival_-650mm.png,/mnt/d/SHiP/ej230/results_ej230_analysis/figs/exec11_arrival_-650mm.png,True,216676,.png,True,Pillow:PNG,2bee0e00b110e04bbf2c2fabd94c05c45b7b482df1506566a2a641340b1f1932,analysis/exec07/exec11_time_arrival.py,EJ230_ANALYSIS,/mnt/d/SHiP/ej230/results_ej230_analysis/report/figs/exec11_arrival_-650mm.png;/mnt/d/SHiP/ej230/results_ej230_analysis/figs/figs/exec11_arrival_-650mm.png
11,Run 2 $|$ x = -650 mm $|$ Time-to-threshold $t_N$,"\includegraphics[width=\textwidth,height=0.84\textheight,keepaspectratio]{figs/exec13_tN_-650mm.png}",figs/exec13_tN_-650mm.png,/mnt/d/SHiP/ej230/results_ej230_analysis/figs/exec13_tN_-650mm.png,True,218031,.png,True,Pillow:PNG,d95abc844ba18bffba183ca9c4dabf5a3b276e5bd1b4321ef574e524177aeadf,analysis/exec13/exec13_tN_analysis.py,EJ230_ANALYSIS,/mnt/d/SHiP/ej230/results_ej230_analysis/report/figs/exec13_tN_-650mm.png;/mnt/d/SHiP/ej230/results_ej230_analysis/figs/figs/exec13_tN_-650mm.png
12,Run 2 $|$ x = -650 mm $|$ $\langle t_n\rangle$ per channel (dispersion),"\includegraphics[width=\textwidth,height=0.78\textheight,keepaspectratio]%\n{figs/exec13_tn_\1mm_\2.png}",figs/exec13_tn_\1mm_\2.png,/mnt/d/SHiP/ej230/results_ej230_analysis/figs/exec13_tn_\1mm_\2.png,False,0,.png,False,missing,,analysis/exec07/exec12b_tn_dispersion.py,EJ230_ANALYSIS,/mnt/d/SHiP/ej230/results_ej230_analysis/report/figs/exec13_tn_\1mm_\2.png;/mnt/d/SHiP/ej230/results_ej230_analysis/figs/figs/exec13_tn_\1mm_\2.png
12,Run 2 $|$ x = -650 mm $|$ $\langle t_n\rangle$ per channel (dispersion),"\includegraphics[width=\textwidth,height=0.37\textheight,keepaspectratio]%\n{figs/exec13_tn_\1mm_\2.png}",figs/exec13_tn_\1mm_\2.png,/mnt/d/SHiP/ej230/results_ej230_analysis/figs/exec13_tn_\1mm_\2.png,False,0,.png,False,missing,,analysis/exec07/exec12b_tn_dispersion.py,EJ230_ANALYSIS,/mnt/d/SHiP/ej230/results_ej230_analysis/report/figs/exec13_tn_\1mm_\2.png;/mnt/d/SHiP/ej230/results_ej230_analysis/figs/figs/exec13_tn_\1mm_\2.png
12,Run 2 $|$ x = -650 mm $|$ $\langle t_n\rangle$ per channel (dispersion),"\includegraphics[width=\textwidth,height=0.37\textheight,keepaspectratio]%\n{figs/exec13_tn_\1mm_\2.png}",figs/exec13_tn_\1mm_\2.png,/mnt/d/SHiP/ej230/results_ej230_analysis/figs/exec13_tn_\1mm_\2.png,False,0,.png,False,missing,,analysis/exec07/exec12b_tn_dispersion.py,EJ230_ANALYSIS,/mnt/d/SHiP/ej230/results_ej230_analysis/report/figs/exec13_tn_\1mm_\2.png;/mnt/d/SHiP/ej230/results_ej230_analysis/figs/figs/exec13_tn_\1mm_\2.png
13,Position x=-400 mm,\includegraphics[width=\textwidth]{figs/muon_-400mm_geometry.png},figs/muon_-400mm_geometry.png,/mnt/d/SHiP/ej230/results_ej230_analysis/figs/muon_-400mm_geometry.png,True,86044,.png,True,Pillow:PNG,802b2661f89e6f733bac2804fd216dace3c974219b6eabfe4c413417cfb3e307,analysis/exec07_photon_budget.py,STATIC_GEOMETRY,/mnt/d/SHiP/ej230/results_ej230_analysis/report/figs/muon_-400mm_geometry.png;/mnt/d/SHiP/ej230/results_ej230_analysis/figs/figs/muon_-400mm_geometry.png
13,Position x=-400 mm,\includegraphics[width=\textwidth]{figs/muon_-400mm_top_profile.png},figs/muon_-400mm_top_profile.png,/mnt/d/SHiP/ej230/results_ej230_analysis/figs/muon_-400mm_top_profile.png,True,126950,.png,True,Pillow:PNG,9781d31fb6a67a428aab840f250d9bb764580ab4e9c082dbbaa7baf2387bb883,analysis/exec07_photon_budget.py,EJ230_ANALYSIS,/mnt/d/SHiP/ej230/results_ej230_analysis/report/figs/muon_-400mm_top_profile.png;/mnt/d/SHiP/ej230/results_ej230_analysis/figs/figs/muon_-400mm_top_profile.png
14,Run 3 $|$ x = -400 mm $|$ Photon arrival $\langle N(t)\rangle$,"\includegraphics[width=\textwidth,height=0.78\textheight,keepaspectratio]{figs/exec11_arrival_-400mm.png}",figs/exec11_arrival_-400mm.png,/mnt/d/SHiP/ej230/results_ej230_analysis/figs/exec11_arrival_-400mm.png,True,207310,.png,True,Pillow:PNG,946a8f4577d22be7606d10a1761f05c27ccab3b1212f99ad9d17e000f7fdf6b2,analysis/exec07/exec11_time_arrival.py,EJ230_ANALYSIS,/mnt/d/SHiP/ej230/results_ej230_analysis/report/figs/exec11_arrival_-400mm.png;/mnt/d/SHiP/ej230/results_ej230_analysis/figs/figs/exec11_arrival_-400mm.png
15,Run 3 $|$ x = -400 mm $|$ Time-to-threshold $t_N$,"\includegraphics[width=\textwidth,height=0.84\textheight,keepaspectratio]{figs/exec13_tN_-400mm.png}",figs/exec13_tN_-400mm.png,/mnt/d/SHiP/ej230/results_ej230_analysis/figs/exec13_tN_-400mm.png,True,238182,.png,True,Pillow:PNG,c7e91cf94d2f509cbe74483672493fe5e02382804608cf100379ff204d133179,analysis/exec13/exec13_tN_analysis.py,EJ230_ANALYSIS,/mnt/d/SHiP/ej230/results_ej230_analysis/report/figs/exec13_tN_-400mm.png;/mnt/d/SHiP/ej230/results_ej230_analysis/figs/figs/exec13_tN_-400mm.png
16,Run 3 $|$ x = -400 mm $|$ $\langle t_n\rangle$ per channel (dispersion),"\includegraphics[width=\textwidth,height=0.78\textheight,keepaspectratio]%\n{figs/exec13_tn_\1mm_\2.png}",figs/exec13_tn_\1mm_\2.png,/mnt/d/SHiP/ej230/results_ej230_analysis/figs/exec13_tn_\1mm_\2.png,False,0,.png,False,missing,,analysis/exec07/exec12b_tn_dispersion.py,EJ230_ANALYSIS,/mnt/d/SHiP/ej230/results_ej230_analysis/report/figs/exec13_tn_\1mm_\2.png;/mnt/d/SHiP/ej230/results_ej230_analysis/figs/figs/exec13_tn_\1mm_\2.png
16,Run 3 $|$ x = -400 mm $|$ $\langle t_n\rangle$ per channel (dispersion),"\includegraphics[width=\textwidth,height=0.37\textheight,keepaspectratio]%\n{figs/exec13_tn_\1mm_\2.png}",figs/exec13_tn_\1mm_\2.png,/mnt/d/SHiP/ej230/results_ej230_analysis/figs/exec13_tn_\1mm_\2.png,False,0,.png,False,missing,,analysis/exec07/exec12b_tn_dispersion.py,EJ230_ANALYSIS,/mnt/d/SHiP/ej230/results_ej230_analysis/report/figs/exec13_tn_\1mm_\2.png;/mnt/d/SHiP/ej230/results_ej230_analysis/figs/figs/exec13_tn_\1mm_\2.png
16,Run 3 $|$ x = -400 mm $|$ $\langle t_n\rangle$ per channel (dispersion),"\includegraphics[width=\textwidth,height=0.37\textheight,keepaspectratio]%\n{figs/exec13_tn_\1mm_\2.png}",figs/exec13_tn_\1mm_\2.png,/mnt/d/SHiP/ej230/results_ej230_analysis/figs/exec13_tn_\1mm_\2.png,False,0,.png,False,missing,,analysis/exec07/exec12b_tn_dispersion.py,EJ230_ANALYSIS,/mnt/d/SHiP/ej230/results_ej230_analysis/report/figs/exec13_tn_\1mm_\2.png;/mnt/d/SHiP/ej230/results_ej230_analysis/figs/figs/exec13_tn_\1mm_\2.png
17,Position x=0 mm,\includegraphics[width=\textwidth]{figs/muon_0mm_geometry.png},figs/muon_0mm_geometry.png,/mnt/d/SHiP/ej230/results_ej230_analysis/figs/muon_0mm_geometry.png,True,84485,.png,True,Pillow:PNG,ec7c96e9f94e4694c4c284c70832e776221499a5944fef4c1497fadacebf00bb,analysis/exec07_photon_budget.py,STATIC_GEOMETRY,/mnt/d/SHiP/ej230/results_ej230_analysis/report/figs/muon_0mm_geometry.png;/mnt/d/SHiP/ej230/results_ej230_analysis/figs/figs/muon_0mm_geometry.png
17,Position x=0 mm,\includegraphics[width=\textwidth]{figs/muon_0mm_top_profile.png},figs/muon_0mm_top_profile.png,/mnt/d/SHiP/ej230/results_ej230_analysis/figs/muon_0mm_top_profile.png,True,128228,.png,True,Pillow:PNG,ec37a1771a62e7baf6524948541efa6ddeb40805dbbd51d144c40e3d3a43fcbb,analysis/exec07_photon_budget.py,EJ230_ANALYSIS,/mnt/d/SHiP/ej230/results_ej230_analysis/report/figs/muon_0mm_top_profile.png;/mnt/d/SHiP/ej230/results_ej230_analysis/figs/figs/muon_0mm_top_profile.png
18,Run 4 $|$ x = +0 mm $|$ Photon arrival $\langle N(t)\rangle$,"\includegraphics[width=\textwidth,height=0.78\textheight,keepaspectratio]{figs/exec11_arrival_0mm.png}",figs/exec11_arrival_0mm.png,/mnt/d/SHiP/ej230/results_ej230_analysis/figs/exec11_arrival_0mm.png,True,191246,.png,True,Pillow:PNG,0b28ac05dbf87131900dd95bc2eb2f084f7a4ddacb5fcc057bf24cc505014cd2,analysis/exec07/exec11_time_arrival.py,EJ230_ANALYSIS,/mnt/d/SHiP/ej230/results_ej230_analysis/report/figs/exec11_arrival_0mm.png;/mnt/d/SHiP/ej230/results_ej230_analysis/figs/figs/exec11_arrival_0mm.png
19,Run 4 $|$ x = +0 mm $|$ Time-to-threshold $t_N$,"\includegraphics[width=\textwidth,height=0.84\textheight,keepaspectratio]{figs/exec13_tN_0mm.png}",figs/exec13_tN_0mm.png,/mnt/d/SHiP/ej230/results_ej230_analysis/figs/exec13_tN_0mm.png,True,242394,.png,True,Pillow:PNG,10893a178058a7cfc9f2d8378ca7f50e517dbef08af638baeedf3ed02ac54bbe,analysis/exec13/exec13_tN_analysis.py,EJ230_ANALYSIS,/mnt/d/SHiP/ej230/results_ej230_analysis/report/figs/exec13_tN_0mm.png;/mnt/d/SHiP/ej230/results_ej230_analysis/figs/figs/exec13_tN_0mm.png
20,Run 4 $|$ x = +0 mm $|$ $\langle t_n\rangle$ per channel (dispersion),"\includegraphics[width=\textwidth,height=0.78\textheight,keepaspectratio]%\n{figs/exec13_tn_\1mm_\2.png}",figs/exec13_tn_\1mm_\2.png,/mnt/d/SHiP/ej230/results_ej230_analysis/figs/exec13_tn_\1mm_\2.png,False,0,.png,False,missing,,analysis/exec07/exec12b_tn_dispersion.py,EJ230_ANALYSIS,/mnt/d/SHiP/ej230/results_ej230_analysis/report/figs/exec13_tn_\1mm_\2.png;/mnt/d/SHiP/ej230/results_ej230_analysis/figs/figs/exec13_tn_\1mm_\2.png
20,Run 4 $|$ x = +0 mm $|$ $\langle t_n\rangle$ per channel (dispersion),"\includegraphics[width=\textwidth,height=0.37\textheight,keepaspectratio]%\n{figs/exec13_tn_\1mm_\2.png}",figs/exec13_tn_\1mm_\2.png,/mnt/d/SHiP/ej230/results_ej230_analysis/figs/exec13_tn_\1mm_\2.png,False,0,.png,False,missing,,analysis/exec07/exec12b_tn_dispersion.py,EJ230_ANALYSIS,/mnt/d/SHiP/ej230/results_ej230_analysis/report/figs/exec13_tn_\1mm_\2.png;/mnt/d/SHiP/ej230/results_ej230_analysis/figs/figs/exec13_tn_\1mm_\2.png
20,Run 4 $|$ x = +0 mm $|$ $\langle t_n\rangle$ per channel (dispersion),"\includegraphics[width=\textwidth,height=0.37\textheight,keepaspectratio]%\n{figs/exec13_tn_\1mm_\2.png}",figs/exec13_tn_\1mm_\2.png,/mnt/d/SHiP/ej230/results_ej230_analysis/figs/exec13_tn_\1mm_\2.png,False,0,.png,False,missing,,analysis/exec07/exec12b_tn_dispersion.py,EJ230_ANALYSIS,/mnt/d/SHiP/ej230/results_ej230_analysis/report/figs/exec13_tn_\1mm_\2.png;/mnt/d/SHiP/ej230/results_ej230_analysis/figs/figs/exec13_tn_\1mm_\2.png
21,Position x=400 mm,\includegraphics[width=\textwidth]{figs/muon_400mm_geometry.png},figs/muon_400mm_geometry.png,/mnt/d/SHiP/ej230/results_ej230_analysis/figs/muon_400mm_geometry.png,True,86489,.png,True,Pillow:PNG,00b2190c196afa28cb0f8b85b052d91db1af4b9d2aecb1a40288274e4576fc3c,analysis/exec07_photon_budget.py,STATIC_GEOMETRY,/mnt/d/SHiP/ej230/results_ej230_analysis/report/figs/muon_400mm_geometry.png;/mnt/d/SHiP/ej230/results_ej230_analysis/figs/figs/muon_400mm_geometry.png
21,Position x=400 mm,\includegraphics[width=\textwidth]{figs/muon_400mm_top_profile.png},figs/muon_400mm_top_profile.png,/mnt/d/SHiP/ej230/results_ej230_analysis/figs/muon_400mm_top_profile.png,True,127528,.png,True,Pillow:PNG,ef1d14cd8a3f42b0b41156890d74b3e73c02dd22785a382c81154e84a2a8519a,analysis/exec07_photon_budget.py,EJ230_ANALYSIS,/mnt/d/SHiP/ej230/results_ej230_analysis/report/figs/muon_400mm_top_profile.png;/mnt/d/SHiP/ej230/results_ej230_analysis/figs/figs/muon_400mm_top_profile.png
22,Run 5 $|$ x = +400 mm $|$ Photon arrival $\langle N(t)\rangle$,"\includegraphics[width=\textwidth,height=0.78\textheight,keepaspectratio]{figs/exec11_arrival_400mm.png}",figs/exec11_arrival_400mm.png,/mnt/d/SHiP/ej230/results_ej230_analysis/figs/exec11_arrival_400mm.png,True,208226,.png,True,Pillow:PNG,977e0cf85f27d01d89cb1746c11828ab1b6001f2d7f01b84b4ae11b2ab9d4c3c,analysis/exec07/exec11_time_arrival.py,EJ230_ANALYSIS,/mnt/d/SHiP/ej230/results_ej230_analysis/report/figs/exec11_arrival_400mm.png;/mnt/d/SHiP/ej230/results_ej230_analysis/figs/figs/exec11_arrival_400mm.png
23,Run 5 $|$ x = +400 mm $|$ Time-to-threshold $t_N$,"\includegraphics[width=\textwidth,height=0.84\textheight,keepaspectratio]{figs/exec13_tN_400mm.png}",figs/exec13_tN_400mm.png,/mnt/d/SHiP/ej230/results_ej230_analysis/figs/exec13_tN_400mm.png,True,225911,.png,True,Pillow:PNG,de189a375d099d0b8fc5e3dcc4146de46effc4d9b498b2d2db92efe4b366406f,analysis/exec13/exec13_tN_analysis.py,EJ230_ANALYSIS,/mnt/d/SHiP/ej230/results_ej230_analysis/report/figs/exec13_tN_400mm.png;/mnt/d/SHiP/ej230/results_ej230_analysis/figs/figs/exec13_tN_400mm.png
24,Run 5 $|$ x = +400 mm $|$ $\langle t_n\rangle$ per channel (dispersion),"\includegraphics[width=\textwidth,height=0.78\textheight,keepaspectratio]%\n{figs/exec13_tn_\1mm_\2.png}",figs/exec13_tn_\1mm_\2.png,/mnt/d/SHiP/ej230/results_ej230_analysis/figs/exec13_tn_\1mm_\2.png,False,0,.png,False,missing,,analysis/exec07/exec12b_tn_dispersion.py,EJ230_ANALYSIS,/mnt/d/SHiP/ej230/results_ej230_analysis/report/figs/exec13_tn_\1mm_\2.png;/mnt/d/SHiP/ej230/results_ej230_analysis/figs/figs/exec13_tn_\1mm_\2.png
24,Run 5 $|$ x = +400 mm $|$ $\langle t_n\rangle$ per channel (dispersion),"\includegraphics[width=\textwidth,height=0.37\textheight,keepaspectratio]%\n{figs/exec13_tn_\1mm_\2.png}",figs/exec13_tn_\1mm_\2.png,/mnt/d/SHiP/ej230/results_ej230_analysis/figs/exec13_tn_\1mm_\2.png,False,0,.png,False,missing,,analysis/exec07/exec12b_tn_dispersion.py,EJ230_ANALYSIS,/mnt/d/SHiP/ej230/results_ej230_analysis/report/figs/exec13_tn_\1mm_\2.png;/mnt/d/SHiP/ej230/results_ej230_analysis/figs/figs/exec13_tn_\1mm_\2.png
24,Run 5 $|$ x = +400 mm $|$ $\langle t_n\rangle$ per channel (dispersion),"\includegraphics[width=\textwidth,height=0.37\textheight,keepaspectratio]%\n{figs/exec13_tn_\1mm_\2.png}",figs/exec13_tn_\1mm_\2.png,/mnt/d/SHiP/ej230/results_ej230_analysis/figs/exec13_tn_\1mm_\2.png,False,0,.png,False,missing,,analysis/exec07/exec12b_tn_dispersion.py,EJ230_ANALYSIS,/mnt/d/SHiP/ej230/results_ej230_analysis/report/figs/exec13_tn_\1mm_\2.png;/mnt/d/SHiP/ej230/results_ej230_analysis/figs/figs/exec13_tn_\1mm_\2.png
25,Position x=650 mm,\includegraphics[width=\textwidth]{figs/muon_650mm_geometry.png},figs/muon_650mm_geometry.png,/mnt/d/SHiP/ej230/results_ej230_analysis/figs/muon_650mm_geometry.png,True,86380,.png,True,Pillow:PNG,eee428baaf326ab54f6af7528828de722b2000ca1802222896141d31a37714fa,analysis/exec07_photon_budget.py,STATIC_GEOMETRY,/mnt/d/SHiP/ej230/results_ej230_analysis/report/figs/muon_650mm_geometry.png;/mnt/d/SHiP/ej230/results_ej230_analysis/figs/figs/muon_650mm_geometry.png
25,Position x=650 mm,\includegraphics[width=\textwidth]{figs/muon_650mm_top_profile.png},figs/muon_650mm_top_profile.png,/mnt/d/SHiP/ej230/results_ej230_analysis/figs/muon_650mm_top_profile.png,True,118119,.png,True,Pillow:PNG,15b565b055df9d06ed855160cd2b25143fd16647e6a009c362802b3a726e17e3,analysis/exec07_photon_budget.py,EJ230_ANALYSIS,/mnt/d/SHiP/ej230/results_ej230_analysis/report/figs/muon_650mm_top_profile.png;/mnt/d/SHiP/ej230/results_ej230_analysis/figs/figs/muon_650mm_top_profile.png
26,Run 6 $|$ x = +650 mm $|$ Photon arrival $\langle N(t)\rangle$,"\includegraphics[width=\textwidth,height=0.78\textheight,keepaspectratio]{figs/exec11_arrival_650mm.png}",figs/exec11_arrival_650mm.png,/mnt/d/SHiP/ej230/results_ej230_analysis/figs/exec11_arrival_650mm.png,True,214913,.png,True,Pillow:PNG,e22d521df7946d598e70c56054ed54c89a6389ed25b82376519afb39376df856,analysis/exec07/exec11_time_arrival.py,EJ230_ANALYSIS,/mnt/d/SHiP/ej230/results_ej230_analysis/report/figs/exec11_arrival_650mm.png;/mnt/d/SHiP/ej230/results_ej230_analysis/figs/figs/exec11_arrival_650mm.png
27,Run 6 $|$ x = +650 mm $|$ Time-to-threshold $t_N$,"\includegraphics[width=\textwidth,height=0.84\textheight,keepaspectratio]{figs/exec13_tN_650mm.png}",figs/exec13_tN_650mm.png,/mnt/d/SHiP/ej230/results_ej230_analysis/figs/exec13_tN_650mm.png,True,218765,.png,True,Pillow:PNG,534775c79149404ddad12342659dc1eef8f09a992a3e2a46ebb0773f644433a4,analysis/exec13/exec13_tN_analysis.py,EJ230_ANALYSIS,/mnt/d/SHiP/ej230/results_ej230_analysis/report/figs/exec13_tN_650mm.png;/mnt/d/SHiP/ej230/results_ej230_analysis/figs/figs/exec13_tN_650mm.png
28,Run 6 $|$ x = +650 mm $|$ $\langle t_n\rangle$ per channel (dispersion),"\includegraphics[width=\textwidth,height=0.78\textheight,keepaspectratio]%\n{figs/exec13_tn_\1mm_\2.png}",figs/exec13_tn_\1mm_\2.png,/mnt/d/SHiP/ej230/results_ej230_analysis/figs/exec13_tn_\1mm_\2.png,False,0,.png,False,missing,,analysis/exec07/exec12b_tn_dispersion.py,EJ230_ANALYSIS,/mnt/d/SHiP/ej230/results_ej230_analysis/report/figs/exec13_tn_\1mm_\2.png;/mnt/d/SHiP/ej230/results_ej230_analysis/figs/figs/exec13_tn_\1mm_\2.png
28,Run 6 $|$ x = +650 mm $|$ $\langle t_n\rangle$ per channel (dispersion),"\includegraphics[width=\textwidth,height=0.37\textheight,keepaspectratio]%\n{figs/exec13_tn_\1mm_\2.png}",figs/exec13_tn_\1mm_\2.png,/mnt/d/SHiP/ej230/results_ej230_analysis/figs/exec13_tn_\1mm_\2.png,False,0,.png,False,missing,,analysis/exec07/exec12b_tn_dispersion.py,EJ230_ANALYSIS,/mnt/d/SHiP/ej230/results_ej230_analysis/report/figs/exec13_tn_\1mm_\2.png;/mnt/d/SHiP/ej230/results_ej230_analysis/figs/figs/exec13_tn_\1mm_\2.png
28,Run 6 $|$ x = +650 mm $|$ $\langle t_n\rangle$ per channel (dispersion),"\includegraphics[width=\textwidth,height=0.37\textheight,keepaspectratio]%\n{figs/exec13_tn_\1mm_\2.png}",figs/exec13_tn_\1mm_\2.png,/mnt/d/SHiP/ej230/results_ej230_analysis/figs/exec13_tn_\1mm_\2.png,False,0,.png,False,missing,,analysis/exec07/exec12b_tn_dispersion.py,EJ230_ANALYSIS,/mnt/d/SHiP/ej230/results_ej230_analysis/report/figs/exec13_tn_\1mm_\2.png;/mnt/d/SHiP/ej230/results_ej230_analysis/figs/figs/exec13_tn_\1mm_\2.png
29,Position x=690 mm,\includegraphics[width=\textwidth]{figs/muon_690mm_geometry.png},figs/muon_690mm_geometry.png,/mnt/d/SHiP/ej230/results_ej230_analysis/figs/muon_690mm_geometry.png,True,87200,.png,True,Pillow:PNG,66280078231a14112bab02f40cf67a7641fb2c9beac5c6171e20f62ddec4add5,analysis/exec07_photon_budget.py,STATIC_GEOMETRY,/mnt/d/SHiP/ej230/results_ej230_analysis/report/figs/muon_690mm_geometry.png;/mnt/d/SHiP/ej230/results_ej230_analysis/figs/figs/muon_690mm_geometry.png
29,Position x=690 mm,\includegraphics[width=\textwidth]{figs/muon_690mm_top_profile.png},figs/muon_690mm_top_profile.png,/mnt/d/SHiP/ej230/results_ej230_analysis/figs/muon_690mm_top_profile.png,True,114202,.png,True,Pillow:PNG,64df452f1434716815ad2c4998aea01c9fd771db69041537618fbb57336fbd6f,analysis/exec07_photon_budget.py,EJ230_ANALYSIS,/mnt/d/SHiP/ej230/results_ej230_analysis/report/figs/muon_690mm_top_profile.png;/mnt/d/SHiP/ej230/results_ej230_analysis/figs/figs/muon_690mm_top_profile.png
30,Run 7 $|$ x = +690 mm $|$ Photon arrival $\langle N(t)\rangle$,"\includegraphics[width=\textwidth,height=0.78\textheight,keepaspectratio]{figs/exec11_arrival_690mm.png}",figs/exec11_arrival_690mm.png,/mnt/d/SHiP/ej230/results_ej230_analysis/figs/exec11_arrival_690mm.png,True,226340,.png,True,Pillow:PNG,64017cb1e79b449e861f887059513ba26e249778a39f6fc70f93594a77666ecd,analysis/exec07/exec11_time_arrival.py,EJ230_ANALYSIS,/mnt/d/SHiP/ej230/results_ej230_analysis/report/figs/exec11_arrival_690mm.png;/mnt/d/SHiP/ej230/results_ej230_analysis/figs/figs/exec11_arrival_690mm.png
31,Run 7 $|$ x = +690 mm $|$ Time-to-threshold $t_N$,"\includegraphics[width=\textwidth,height=0.84\textheight,keepaspectratio]{figs/exec13_tN_690mm.png}",figs/exec13_tN_690mm.png,/mnt/d/SHiP/ej230/results_ej230_analysis/figs/exec13_tN_690mm.png,True,210350,.png,True,Pillow:PNG,11fdf4201cd05dc4be0bc253c423927800db2c4c465191a8cd03ff1d69300fd4,analysis/exec13/exec13_tN_analysis.py,EJ230_ANALYSIS,/mnt/d/SHiP/ej230/results_ej230_analysis/report/figs/exec13_tN_690mm.png;/mnt/d/SHiP/ej230/results_ej230_analysis/figs/figs/exec13_tN_690mm.png
32,Run 7 $|$ x = +690 mm $|$ $\langle t_n\rangle$ per channel (dispersion),"\includegraphics[width=\textwidth,height=0.78\textheight,keepaspectratio]%\n{figs/exec13_tn_\1mm_\2.png}",figs/exec13_tn_\1mm_\2.png,/mnt/d/SHiP/ej230/results_ej230_analysis/figs/exec13_tn_\1mm_\2.png,False,0,.png,False,missing,,analysis/exec07/exec12b_tn_dispersion.py,EJ230_ANALYSIS,/mnt/d/SHiP/ej230/results_ej230_analysis/report/figs/exec13_tn_\1mm_\2.png;/mnt/d/SHiP/ej230/results_ej230_analysis/figs/figs/exec13_tn_\1mm_\2.png
32,Run 7 $|$ x = +690 mm $|$ $\langle t_n\rangle$ per channel (dispersion),"\includegraphics[width=\textwidth,height=0.37\textheight,keepaspectratio]%\n{figs/exec13_tn_\1mm_\2.png}",figs/exec13_tn_\1mm_\2.png,/mnt/d/SHiP/ej230/results_ej230_analysis/figs/exec13_tn_\1mm_\2.png,False,0,.png,False,missing,,analysis/exec07/exec12b_tn_dispersion.py,EJ230_ANALYSIS,/mnt/d/SHiP/ej230/results_ej230_analysis/report/figs/exec13_tn_\1mm_\2.png;/mnt/d/SHiP/ej230/results_ej230_analysis/figs/figs/exec13_tn_\1mm_\2.png
32,Run 7 $|$ x = +690 mm $|$ $\langle t_n\rangle$ per channel (dispersion),"\includegraphics[width=\textwidth,height=0.37\textheight,keepaspectratio]%\n{figs/exec13_tn_\1mm_\2.png}",figs/exec13_tn_\1mm_\2.png,/mnt/d/SHiP/ej230/results_ej230_analysis/figs/exec13_tn_\1mm_\2.png,False,0,.png,False,missing,,analysis/exec07/exec12b_tn_dispersion.py,EJ230_ANALYSIS,/mnt/d/SHiP/ej230/results_ej230_analysis/report/figs/exec13_tn_\1mm_\2.png;/mnt/d/SHiP/ej230/results_ej230_analysis/figs/figs/exec13_tn_\1mm_\2.png
33,$\sigma(t_N)$ vs beam position: synthesis,"\includegraphics[width=\textwidth,height=0.65\textheight,keepaspectratio]%\n{figs/exec13_tN_summary.png}",figs/exec13_tN_summary.png,/mnt/d/SHiP/ej230/results_ej230_analysis/figs/exec13_tN_summary.png,True,74571,.png,True,Pillow:PNG,1d695c5fbe3c7a15b15ece918c914d66ea6d184749d82ba2c53633b7497aba60,analysis/exec13/exec13_tN_analysis.py,EJ230_ANALYSIS,/mnt/d/SHiP/ej230/results_ej230_analysis/report/figs/exec13_tN_summary.png;/mnt/d/SHiP/ej230/results_ej230_analysis/figs/figs/exec13_tN_summary.png
35,Photon budget versus beam position,"\includegraphics[width=\textwidth,height=0.62\textheight,keepaspectratio]{figs/P1_npe_vs_x.png}",figs/P1_npe_vs_x.png,/mnt/d/SHiP/ej230/results_ej230_analysis/figs/P1_npe_vs_x.png,True,233001,.png,True,Pillow:PNG,374863e1ccc97da12884f8f370d1616740b9064a88d6fbb8c700342702a9ae2c,analysis/exec07_photon_budget.py,EJ230_ANALYSIS,/mnt/d/SHiP/ej230/results_ej230_analysis/report/figs/P1_npe_vs_x.png;/mnt/d/SHiP/ej230/results_ej230_analysis/figs/figs/P1_npe_vs_x.png
36,Top localization: full coverage diagonal,"\includegraphics[width=\textwidth,height=0.62\textheight,keepaspectratio]{figs/P2_npe_heatmap_top.png}",figs/P2_npe_heatmap_top.png,/mnt/d/SHiP/ej230/results_ej230_analysis/figs/P2_npe_heatmap_top.png,True,118849,.png,True,Pillow:PNG,ae692d4087b243d89399bc47e0541f6271cef614adf936cec3536bdb3beb95b0,analysis/exec07_photon_budget.py,EJ230_ANALYSIS,/mnt/d/SHiP/ej230/results_ej230_analysis/report/figs/P2_npe_heatmap_top.png;/mnt/d/SHiP/ej230/results_ej230_analysis/figs/figs/P2_npe_heatmap_top.png
37,Attenuation and the historical mean-time slope,"\includegraphics[width=\textwidth,height=0.46\textheight,keepaspectratio]{figs/fits_attenuation_velocity.png}",figs/fits_attenuation_velocity.png,/mnt/d/SHiP/ej230/results_ej230_analysis/figs/fits_attenuation_velocity.png,True,239898,.png,True,Pillow:PNG,d87da65f1764925d581262123cf265a9a59bd2094cb241120059d8abb3bf9827,analysis/exec07_photon_budget.py,EJ230_ANALYSIS,/mnt/d/SHiP/ej230/results_ej230_analysis/report/figs/fits_attenuation_velocity.png;/mnt/d/SHiP/ej230/results_ej230_analysis/figs/figs/fits_attenuation_velocity.png
37,Attenuation and the historical mean-time slope,"\includegraphics[width=\textwidth,height=0.55\textheight,keepaspectratio]{figs/exec10_fano_vs_mean.png}",figs/exec10_fano_vs_mean.png,/mnt/d/SHiP/ej230/results_ej230_analysis/figs/exec10_fano_vs_mean.png,True,233930,.png,True,Pillow:PNG,fa402e13b74520125bba6f2f17b609c834911d9352f806b840225f1860599dc1,analysis/exec07/exec10_landau_analysis.py,EJ230_ANALYSIS,/mnt/d/SHiP/ej230/results_ej230_analysis/report/figs/exec10_fano_vs_mean.png;/mnt/d/SHiP/ej230/results_ej230_analysis/figs/figs/exec10_fano_vs_mean.png
39,High-light example: Moyal--Gaussian Landau proxy,"\includegraphics[width=\textwidth,height=0.55\textheight,keepaspectratio]{figs/exec10_landau_fit_example.png}",figs/exec10_landau_fit_example.png,/mnt/d/SHiP/ej230/results_ej230_analysis/figs/exec10_landau_fit_example.png,True,100479,.png,True,Pillow:PNG,a5f70d421fb22dd647770380dd7ffa0fc0f88b9e86321b4d26ae9eda426bd011,analysis/exec07/exec10_landau_analysis.py,EJ230_ANALYSIS,/mnt/d/SHiP/ej230/results_ej230_analysis/report/figs/exec10_landau_fit_example.png;/mnt/d/SHiP/ej230/results_ej230_analysis/figs/figs/exec10_landau_fit_example.png
40,Arrival-time examples: absolute rate and normalized shape,"\includegraphics[width=\textwidth,height=0.55\textheight,keepaspectratio]{figs/P5_tdist_examples.png}",figs/P5_tdist_examples.png,/mnt/d/SHiP/ej230/results_ej230_analysis/figs/P5_tdist_examples.png,True,301104,.png,True,Pillow:PNG,39faa976123556295d12bbaa9ba5250acad76727470bebdc3e06631f3898874f,analysis/exec07/exec10_time_figures.py,EJ230_ANALYSIS,/mnt/d/SHiP/ej230/results_ej230_analysis/report/figs/P5_tdist_examples.png;/mnt/d/SHiP/ej230/results_ej230_analysis/figs/figs/P5_tdist_examples.png
41,Mean arrival time and FPT versus x,"\includegraphics[width=\textwidth,height=0.68\textheight,keepaspectratio]{figs/P6_tmean_vs_x.png}",figs/P6_tmean_vs_x.png,/mnt/d/SHiP/ej230/results_ej230_analysis/figs/P6_tmean_vs_x.png,True,258753,.png,True,Pillow:PNG,aaf490b030a7d46a7c4e718549c8023f7b5cf5b89f306a07e23247aa70c5c837,analysis/exec07_photon_budget.py,EJ230_ANALYSIS,/mnt/d/SHiP/ej230/results_ej230_analysis/report/figs/P6_tmean_vs_x.png;/mnt/d/SHiP/ej230/results_ej230_analysis/figs/figs/P6_tmean_vs_x.png
44,Window-track collection effect: five-run test,\includegraphics[width=\textwidth]{figs/exec08b_window_dip_profiles.png},figs/exec08b_window_dip_profiles.png,/mnt/d/SHiP/ej230/results_ej230_analysis/figs/exec08b_window_dip_profiles.png,True,496454,.png,True,Pillow:PNG,8fc5787324ca4aaa4400fe32a9cf891d5a2ebb84591716e9ab7de4b869f5905a,analysis/exec07/exec08b_window_dip.py,FORBIDDEN_EJ204_COPY,/mnt/d/SHiP/ej230/results_ej230_analysis/report/figs/exec08b_window_dip_profiles.png;/mnt/d/SHiP/ej230/results_ej230_analysis/figs/figs/exec08b_window_dip_profiles.png
45,Intrinsic End SUM4 timing,"\includegraphics[width=\textwidth,height=0.60\textheight,keepaspectratio]{figs/P7_deltaT_end.png}",figs/P7_deltaT_end.png,/mnt/d/SHiP/ej230/results_ej230_analysis/figs/P7_deltaT_end.png,True,270072,.png,True,Pillow:PNG,d6f56a2c9517d829a2ab1d69b5fc2cd0fe9690ae36858954914cdd9d873ee8f5,analysis/exec07_photon_budget.py,EJ230_ANALYSIS,/mnt/d/SHiP/ej230/results_ej230_analysis/report/figs/P7_deltaT_end.png;/mnt/d/SHiP/ej230/results_ej230_analysis/figs/figs/P7_deltaT_end.png
46,End arrival-time tails without any time acceptance window: narrower EndTop is physical,"\includegraphics[width=0.88\textwidth,height=0.42\textheight,keepaspectratio]{figs/exec09_tail_comparison.png}",figs/exec09_tail_comparison.png,/mnt/d/SHiP/ej230/results_ej230_analysis/figs/exec09_tail_comparison.png,True,342461,.png,True,Pillow:PNG,49d7d21fedd9c22ab800bb3dcf300e2546b360a51f69876c13948f627cbc6b06,analysis/exec07/exec09_timing_mechanism.py,FORBIDDEN_EJ204_COPY,/mnt/d/SHiP/ej230/results_ej230_analysis/report/figs/exec09_tail_comparison.png;/mnt/d/SHiP/ej230/results_ej230_analysis/figs/figs/exec09_tail_comparison.png
47,Apparent timing slopes: no propagation estimator passes,\includegraphics[width=\textwidth]{figs/exec10_velocity_estimators.png},figs/exec10_velocity_estimators.png,/mnt/d/SHiP/ej230/results_ej230_analysis/figs/exec10_velocity_estimators.png,True,280181,.png,True,Pillow:PNG,20271118010cf2c5bd5f8bb01aae8226edbfa235093786b029ee3e2c8dd3a006,analysis/exec07/exec10_veff_diagnosis.py,EJ230_ANALYSIS,/mnt/d/SHiP/ej230/results_ej230_analysis/report/figs/exec10_velocity_estimators.png;/mnt/d/SHiP/ej230/results_ej230_analysis/figs/figs/exec10_velocity_estimators.png
50,Position x=-690 mm,\includegraphics[width=\textwidth]{figs/muon_-690mm_geometry.png},figs/muon_-690mm_geometry.png,/mnt/d/SHiP/ej230/results_ej230_analysis/figs/muon_-690mm_geometry.png,True,85711,.png,True,Pillow:PNG,1e7d92e62570553b732a1c4f79a854adca17db664553a4bf34735f3c93bf0d52,analysis/exec07_photon_budget.py,STATIC_GEOMETRY,/mnt/d/SHiP/ej230/results_ej230_analysis/report/figs/muon_-690mm_geometry.png;/mnt/d/SHiP/ej230/results_ej230_analysis/figs/figs/muon_-690mm_geometry.png
50,Position x=-690 mm,\includegraphics[width=\textwidth]{figs/muon_-690mm_top_profile.png},figs/muon_-690mm_top_profile.png,/mnt/d/SHiP/ej230/results_ej230_analysis/figs/muon_-690mm_top_profile.png,True,115351,.png,True,Pillow:PNG,cdefc007d39ad22330c450c56561e84c037e47609d0a400c653bd192d4b6d79c,analysis/exec07_photon_budget.py,EJ230_ANALYSIS,/mnt/d/SHiP/ej230/results_ej230_analysis/report/figs/muon_-690mm_top_profile.png;/mnt/d/SHiP/ej230/results_ej230_analysis/figs/figs/muon_-690mm_top_profile.png
51,Run 1 $|$ x = -690 mm $|$ Photon arrival $\langle N(t)\rangle$,"\includegraphics[width=\textwidth,height=0.78\textheight,keepaspectratio]{figs/exec11_arrival_-690mm.png}",figs/exec11_arrival_-690mm.png,/mnt/d/SHiP/ej230/results_ej230_analysis/figs/exec11_arrival_-690mm.png,True,229147,.png,True,Pillow:PNG,7b3d1af3f1442b7843e9d5537cdda3fa8c17fb4f13f32e8d4693cd33b8f9a5c5,analysis/exec07/exec11_time_arrival.py,EJ230_ANALYSIS,/mnt/d/SHiP/ej230/results_ej230_analysis/report/figs/exec11_arrival_-690mm.png;/mnt/d/SHiP/ej230/results_ej230_analysis/figs/figs/exec11_arrival_-690mm.png
52,Position x=-670 mm,\includegraphics[width=\textwidth]{figs/muon_-670mm_geometry.png},figs/muon_-670mm_geometry.png,/mnt/d/SHiP/ej230/results_ej230_analysis/figs/muon_-670mm_geometry.png,True,85249,.png,True,Pillow:PNG,e8d69aa82422d033e67de7ce9471a280ccdf8f468cd44b1cd74465e19babd559,analysis/exec07_photon_budget.py,STATIC_GEOMETRY,/mnt/d/SHiP/ej230/results_ej230_analysis/report/figs/muon_-670mm_geometry.png;/mnt/d/SHiP/ej230/results_ej230_analysis/figs/figs/muon_-670mm_geometry.png
52,Position x=-670 mm,\includegraphics[width=\textwidth]{figs/muon_-670mm_top_profile.png},figs/muon_-670mm_top_profile.png,/mnt/d/SHiP/ej230/results_ej230_analysis/figs/muon_-670mm_top_profile.png,True,115700,.png,True,Pillow:PNG,a4d845067456e42ba0f52d1e2ba2d8abc5cc7d7290b242c1b4eed93bfd9165af,analysis/exec07_photon_budget.py,EJ230_ANALYSIS,/mnt/d/SHiP/ej230/results_ej230_analysis/report/figs/muon_-670mm_top_profile.png;/mnt/d/SHiP/ej230/results_ej230_analysis/figs/figs/muon_-670mm_top_profile.png
53,Run 2 $|$ x = -670 mm $|$ Photon arrival $\langle N(t)\rangle$,"\includegraphics[width=\textwidth,height=0.78\textheight,keepaspectratio]{figs/exec11_arrival_-670mm.png}",figs/exec11_arrival_-670mm.png,/mnt/d/SHiP/ej230/results_ej230_analysis/figs/exec11_arrival_-670mm.png,True,225139,.png,True,Pillow:PNG,4ebadae713c0d51de1262ff6e1d0903d2bea792d65b8afe875b21b808ecd6c82,analysis/exec07/exec11_time_arrival.py,EJ230_ANALYSIS,/mnt/d/SHiP/ej230/results_ej230_analysis/report/figs/exec11_arrival_-670mm.png;/mnt/d/SHiP/ej230/results_ej230_analysis/figs/figs/exec11_arrival_-670mm.png
54,Position x=-650 mm,\includegraphics[width=\textwidth]{figs/muon_-650mm_geometry.png},figs/muon_-650mm_geometry.png,/mnt/d/SHiP/ej230/results_ej230_analysis/figs/muon_-650mm_geometry.png,True,85090,.png,True,Pillow:PNG,7ebbefbd7b31815a5fb399a89ce7a890085a685e7115d4380185e227a90fb870,analysis/exec07_photon_budget.py,STATIC_GEOMETRY,/mnt/d/SHiP/ej230/results_ej230_analysis/report/figs/muon_-650mm_geometry.png;/mnt/d/SHiP/ej230/results_ej230_analysis/figs/figs/muon_-650mm_geometry.png
54,Position x=-650 mm,\includegraphics[width=\textwidth]{figs/muon_-650mm_top_profile.png},figs/muon_-650mm_top_profile.png,/mnt/d/SHiP/ej230/results_ej230_analysis/figs/muon_-650mm_top_profile.png,True,118836,.png,True,Pillow:PNG,162c97b2b2c703e2a69707c01028e2760738e714c75a424008e3033b88bd33bf,analysis/exec07_photon_budget.py,EJ230_ANALYSIS,/mnt/d/SHiP/ej230/results_ej230_analysis/report/figs/muon_-650mm_top_profile.png;/mnt/d/SHiP/ej230/results_ej230_analysis/figs/figs/muon_-650mm_top_profile.png
55,Run 3 $|$ x = -650 mm $|$ Photon arrival $\langle N(t)\rangle$,"\includegraphics[width=\textwidth,height=0.78\textheight,keepaspectratio]{figs/exec11_arrival_-650mm.png}",figs/exec11_arrival_-650mm.png,/mnt/d/SHiP/ej230/results_ej230_analysis/figs/exec11_arrival_-650mm.png,True,216676,.png,True,Pillow:PNG,2bee0e00b110e04bbf2c2fabd94c05c45b7b482df1506566a2a641340b1f1932,analysis/exec07/exec11_time_arrival.py,EJ230_ANALYSIS,/mnt/d/SHiP/ej230/results_ej230_analysis/report/figs/exec11_arrival_-650mm.png;/mnt/d/SHiP/ej230/results_ej230_analysis/figs/figs/exec11_arrival_-650mm.png
56,Position x=-600 mm,\includegraphics[width=\textwidth]{figs/muon_-600mm_geometry.png},figs/muon_-600mm_geometry.png,/mnt/d/SHiP/ej230/results_ej230_analysis/figs/muon_-600mm_geometry.png,True,86003,.png,True,Pillow:PNG,b211b45419c7eb1cf4ebdf4903686143c91f24d86a58e7e6f73e5491e2497b07,analysis/exec07_photon_budget.py,STATIC_GEOMETRY,/mnt/d/SHiP/ej230/results_ej230_analysis/report/figs/muon_-600mm_geometry.png;/mnt/d/SHiP/ej230/results_ej230_analysis/figs/figs/muon_-600mm_geometry.png
56,Position x=-600 mm,\includegraphics[width=\textwidth]{figs/muon_-600mm_top_profile.png},figs/muon_-600mm_top_profile.png,/mnt/d/SHiP/ej230/results_ej230_analysis/figs/muon_-600mm_top_profile.png,True,122760,.png,True,Pillow:PNG,77f4c535f7bcc8c483acf2dba888c1b91a4a6503707a725a15e00aedf91642f1,analysis/exec07_photon_budget.py,EJ230_ANALYSIS,/mnt/d/SHiP/ej230/results_ej230_analysis/report/figs/muon_-600mm_top_profile.png;/mnt/d/SHiP/ej230/results_ej230_analysis/figs/figs/muon_-600mm_top_profile.png
57,Run 4 $|$ x = -600 mm $|$ Photon arrival $\langle N(t)\rangle$,"\includegraphics[width=\textwidth,height=0.78\textheight,keepaspectratio]{figs/exec11_arrival_-600mm.png}",figs/exec11_arrival_-600mm.png,/mnt/d/SHiP/ej230/results_ej230_analysis/figs/exec11_arrival_-600mm.png,True,203660,.png,True,Pillow:PNG,9f9f9bc069cde6af8eaaada754b883716ce74c4c39769985f2f15e69253fb597,analysis/exec07/exec11_time_arrival.py,EJ230_ANALYSIS,/mnt/d/SHiP/ej230/results_ej230_analysis/report/figs/exec11_arrival_-600mm.png;/mnt/d/SHiP/ej230/results_ej230_analysis/figs/figs/exec11_arrival_-600mm.png
58,Position x=-550 mm,\includegraphics[width=\textwidth]{figs/muon_-550mm_geometry.png},figs/muon_-550mm_geometry.png,/mnt/d/SHiP/ej230/results_ej230_analysis/figs/muon_-550mm_geometry.png,True,84786,.png,True,Pillow:PNG,d693ebf74d6ab74dae723f44b7783f9b3070832181de652d0614e6d3ffcd3569,analysis/exec07_photon_budget.py,STATIC_GEOMETRY,/mnt/d/SHiP/ej230/results_ej230_analysis/report/figs/muon_-550mm_geometry.png;/mnt/d/SHiP/ej230/results_ej230_analysis/figs/figs/muon_-550mm_geometry.png
58,Position x=-550 mm,\includegraphics[width=\textwidth]{figs/muon_-550mm_top_profile.png},figs/muon_-550mm_top_profile.png,/mnt/d/SHiP/ej230/results_ej230_analysis/figs/muon_-550mm_top_profile.png,True,124255,.png,True,Pillow:PNG,7a9c92b334ee52cbce2d176a0b1f4c765f5e9e21f3773d955b7873d8ac7cacea,analysis/exec07_photon_budget.py,EJ230_ANALYSIS,/mnt/d/SHiP/ej230/results_ej230_analysis/report/figs/muon_-550mm_top_profile.png;/mnt/d/SHiP/ej230/results_ej230_analysis/figs/figs/muon_-550mm_top_profile.png
59,Run 5 $|$ x = -550 mm $|$ Photon arrival $\langle N(t)\rangle$,"\includegraphics[width=\textwidth,height=0.78\textheight,keepaspectratio]{figs/exec11_arrival_-550mm.png}",figs/exec11_arrival_-550mm.png,/mnt/d/SHiP/ej230/results_ej230_analysis/figs/exec11_arrival_-550mm.png,True,219071,.png,True,Pillow:PNG,5ccd8c8e25c04ed062ff416a01d38cfab3872025072d6f6499219532956bb494,analysis/exec07/exec11_time_arrival.py,EJ230_ANALYSIS,/mnt/d/SHiP/ej230/results_ej230_analysis/report/figs/exec11_arrival_-550mm.png;/mnt/d/SHiP/ej230/results_ej230_analysis/figs/figs/exec11_arrival_-550mm.png
60,Position x=-500 mm,\includegraphics[width=\textwidth]{figs/muon_-500mm_geometry.png},figs/muon_-500mm_geometry.png,/mnt/d/SHiP/ej230/results_ej230_analysis/figs/muon_-500mm_geometry.png,True,86437,.png,True,Pillow:PNG,cdf2c1e37924700da9dffdc7b95e956896681c1d957f11fbbf4a16e264de7489,analysis/exec07_photon_budget.py,STATIC_GEOMETRY,/mnt/d/SHiP/ej230/results_ej230_analysis/report/figs/muon_-500mm_geometry.png;/mnt/d/SHiP/ej230/results_ej230_analysis/figs/figs/muon_-500mm_geometry.png
60,Position x=-500 mm,\includegraphics[width=\textwidth]{figs/muon_-500mm_top_profile.png},figs/muon_-500mm_top_profile.png,/mnt/d/SHiP/ej230/results_ej230_analysis/figs/muon_-500mm_top_profile.png,True,126793,.png,True,Pillow:PNG,83ce39c898ef8e203a1c1cae7e471a27d5c875ddbd1d82f4da279022b0f28d0c,analysis/exec07_photon_budget.py,EJ230_ANALYSIS,/mnt/d/SHiP/ej230/results_ej230_analysis/report/figs/muon_-500mm_top_profile.png;/mnt/d/SHiP/ej230/results_ej230_analysis/figs/figs/muon_-500mm_top_profile.png
61,Run 6 $|$ x = -500 mm $|$ Photon arrival $\langle N(t)\rangle$,"\includegraphics[width=\textwidth,height=0.78\textheight,keepaspectratio]{figs/exec11_arrival_-500mm.png}",figs/exec11_arrival_-500mm.png,/mnt/d/SHiP/ej230/results_ej230_analysis/figs/exec11_arrival_-500mm.png,True,206720,.png,True,Pillow:PNG,01ad34c04accafc4185a7707dfe5cb776af9d3629b30533f837411c13e30f196,analysis/exec07/exec11_time_arrival.py,EJ230_ANALYSIS,/mnt/d/SHiP/ej230/results_ej230_analysis/report/figs/exec11_arrival_-500mm.png;/mnt/d/SHiP/ej230/results_ej230_analysis/figs/figs/exec11_arrival_-500mm.png
62,Position x=-450 mm,\includegraphics[width=\textwidth]{figs/muon_-450mm_geometry.png},figs/muon_-450mm_geometry.png,/mnt/d/SHiP/ej230/results_ej230_analysis/figs/muon_-450mm_geometry.png,True,85018,.png,True,Pillow:PNG,bdd1a14905880461bef783ae66625263f6b798482d74b24686d83841984ce42a,analysis/exec07_photon_budget.py,STATIC_GEOMETRY,/mnt/d/SHiP/ej230/results_ej230_analysis/report/figs/muon_-450mm_geometry.png;/mnt/d/SHiP/ej230/results_ej230_analysis/figs/figs/muon_-450mm_geometry.png
62,Position x=-450 mm,\includegraphics[width=\textwidth]{figs/muon_-450mm_top_profile.png},figs/muon_-450mm_top_profile.png,/mnt/d/SHiP/ej230/results_ej230_analysis/figs/muon_-450mm_top_profile.png,True,127479,.png,True,Pillow:PNG,cea64967e23a6ea02985b065ad782cf652d3f51ef342be346419163df21687bc,analysis/exec07_photon_budget.py,EJ230_ANALYSIS,/mnt/d/SHiP/ej230/results_ej230_analysis/report/figs/muon_-450mm_top_profile.png;/mnt/d/SHiP/ej230/results_ej230_analysis/figs/figs/muon_-450mm_top_profile.png
63,Run 7 $|$ x = -450 mm $|$ Photon arrival $\langle N(t)\rangle$,"\includegraphics[width=\textwidth,height=0.78\textheight,keepaspectratio]{figs/exec11_arrival_-450mm.png}",figs/exec11_arrival_-450mm.png,/mnt/d/SHiP/ej230/results_ej230_analysis/figs/exec11_arrival_-450mm.png,True,210300,.png,True,Pillow:PNG,1d33167a47a7c77a24131b71ffc24b5941b573c089930ba2bb9b61d9ebe9b032,analysis/exec07/exec11_time_arrival.py,EJ230_ANALYSIS,/mnt/d/SHiP/ej230/results_ej230_analysis/report/figs/exec11_arrival_-450mm.png;/mnt/d/SHiP/ej230/results_ej230_analysis/figs/figs/exec11_arrival_-450mm.png
64,Position x=-400 mm,\includegraphics[width=\textwidth]{figs/muon_-400mm_geometry.png},figs/muon_-400mm_geometry.png,/mnt/d/SHiP/ej230/results_ej230_analysis/figs/muon_-400mm_geometry.png,True,86044,.png,True,Pillow:PNG,802b2661f89e6f733bac2804fd216dace3c974219b6eabfe4c413417cfb3e307,analysis/exec07_photon_budget.py,STATIC_GEOMETRY,/mnt/d/SHiP/ej230/results_ej230_analysis/report/figs/muon_-400mm_geometry.png;/mnt/d/SHiP/ej230/results_ej230_analysis/figs/figs/muon_-400mm_geometry.png
64,Position x=-400 mm,\includegraphics[width=\textwidth]{figs/muon_-400mm_top_profile.png},figs/muon_-400mm_top_profile.png,/mnt/d/SHiP/ej230/results_ej230_analysis/figs/muon_-400mm_top_profile.png,True,126950,.png,True,Pillow:PNG,9781d31fb6a67a428aab840f250d9bb764580ab4e9c082dbbaa7baf2387bb883,analysis/exec07_photon_budget.py,EJ230_ANALYSIS,/mnt/d/SHiP/ej230/results_ej230_analysis/report/figs/muon_-400mm_top_profile.png;/mnt/d/SHiP/ej230/results_ej230_analysis/figs/figs/muon_-400mm_top_profile.png
65,Run 8 $|$ x = -400 mm $|$ Photon arrival $\langle N(t)\rangle$,"\includegraphics[width=\textwidth,height=0.78\textheight,keepaspectratio]{figs/exec11_arrival_-400mm.png}",figs/exec11_arrival_-400mm.png,/mnt/d/SHiP/ej230/results_ej230_analysis/figs/exec11_arrival_-400mm.png,True,207310,.png,True,Pillow:PNG,946a8f4577d22be7606d10a1761f05c27ccab3b1212f99ad9d17e000f7fdf6b2,analysis/exec07/exec11_time_arrival.py,EJ230_ANALYSIS,/mnt/d/SHiP/ej230/results_ej230_analysis/report/figs/exec11_arrival_-400mm.png;/mnt/d/SHiP/ej230/results_ej230_analysis/figs/figs/exec11_arrival_-400mm.png
66,Position x=-350 mm,\includegraphics[width=\textwidth]{figs/muon_-350mm_geometry.png},figs/muon_-350mm_geometry.png,/mnt/d/SHiP/ej230/results_ej230_analysis/figs/muon_-350mm_geometry.png,True,86258,.png,True,Pillow:PNG,f1203571a1c69a2d5d01d39c78073be4d634a6b0e9f6cec9a35c642340f90d08,analysis/exec07_photon_budget.py,STATIC_GEOMETRY,/mnt/d/SHiP/ej230/results_ej230_analysis/report/figs/muon_-350mm_geometry.png;/mnt/d/SHiP/ej230/results_ej230_analysis/figs/figs/muon_-350mm_geometry.png
66,Position x=-350 mm,\includegraphics[width=\textwidth]{figs/muon_-350mm_top_profile.png},figs/muon_-350mm_top_profile.png,/mnt/d/SHiP/ej230/results_ej230_analysis/figs/muon_-350mm_top_profile.png,True,130743,.png,True,Pillow:PNG,ddde53d75aca9299ee06d4de39061acebec3786493e8069b68a50e377b69f969,analysis/exec07_photon_budget.py,EJ230_ANALYSIS,/mnt/d/SHiP/ej230/results_ej230_analysis/report/figs/muon_-350mm_top_profile.png;/mnt/d/SHiP/ej230/results_ej230_analysis/figs/figs/muon_-350mm_top_profile.png
67,Run 9 $|$ x = -350 mm $|$ Photon arrival $\langle N(t)\rangle$,"\includegraphics[width=\textwidth,height=0.78\textheight,keepaspectratio]{figs/exec11_arrival_-350mm.png}",figs/exec11_arrival_-350mm.png,/mnt/d/SHiP/ej230/results_ej230_analysis/figs/exec11_arrival_-350mm.png,True,210514,.png,True,Pillow:PNG,df53f14bdb45608952609a3aec8886d8c2d1677fe1ccb1447ea82c6ae630c3c5,analysis/exec07/exec11_time_arrival.py,EJ230_ANALYSIS,/mnt/d/SHiP/ej230/results_ej230_analysis/report/figs/exec11_arrival_-350mm.png;/mnt/d/SHiP/ej230/results_ej230_analysis/figs/figs/exec11_arrival_-350mm.png
68,Position x=-300 mm,\includegraphics[width=\textwidth]{figs/muon_-300mm_geometry.png},figs/muon_-300mm_geometry.png,/mnt/d/SHiP/ej230/results_ej230_analysis/figs/muon_-300mm_geometry.png,True,86747,.png,True,Pillow:PNG,54c2e0751cba64c336cdf8caeeacd30f955972fc2c00c2a2942710b7d7a0a37e,analysis/exec07_photon_budget.py,STATIC_GEOMETRY,/mnt/d/SHiP/ej230/results_ej230_analysis/report/figs/muon_-300mm_geometry.png;/mnt/d/SHiP/ej230/results_ej230_analysis/figs/figs/muon_-300mm_geometry.png
68,Position x=-300 mm,\includegraphics[width=\textwidth]{figs/muon_-300mm_top_profile.png},figs/muon_-300mm_top_profile.png,/mnt/d/SHiP/ej230/results_ej230_analysis/figs/muon_-300mm_top_profile.png,True,130048,.png,True,Pillow:PNG,d820eb2e84bea004c4efb4c6f5eac927b00e723397344f61ab8f9a92d516b11b,analysis/exec07_photon_budget.py,EJ230_ANALYSIS,/mnt/d/SHiP/ej230/results_ej230_analysis/report/figs/muon_-300mm_top_profile.png;/mnt/d/SHiP/ej230/results_ej230_analysis/figs/figs/muon_-300mm_top_profile.png
69,Run 10 $|$ x = -300 mm $|$ Photon arrival $\langle N(t)\rangle$,"\includegraphics[width=\textwidth,height=0.78\textheight,keepaspectratio]{figs/exec11_arrival_-300mm.png}",figs/exec11_arrival_-300mm.png,/mnt/d/SHiP/ej230/results_ej230_analysis/figs/exec11_arrival_-300mm.png,True,204030,.png,True,Pillow:PNG,8aafa5281055a8f4b7f8f3ffdffae6d29093f04cd23b2a1e399b82e690360dbf,analysis/exec07/exec11_time_arrival.py,EJ230_ANALYSIS,/mnt/d/SHiP/ej230/results_ej230_analysis/report/figs/exec11_arrival_-300mm.png;/mnt/d/SHiP/ej230/results_ej230_analysis/figs/figs/exec11_arrival_-300mm.png
70,Position x=-250 mm,\includegraphics[width=\textwidth]{figs/muon_-250mm_geometry.png},figs/muon_-250mm_geometry.png,/mnt/d/SHiP/ej230/results_ej230_analysis/figs/muon_-250mm_geometry.png,True,87978,.png,True,Pillow:PNG,046718e9bc1c773a645cc66c31ea6c0f1ad4bf3a2f17544208994195007bf24a,analysis/exec07_photon_budget.py,STATIC_GEOMETRY,/mnt/d/SHiP/ej230/results_ej230_analysis/report/figs/muon_-250mm_geometry.png;/mnt/d/SHiP/ej230/results_ej230_analysis/figs/figs/muon_-250mm_geometry.png
70,Position x=-250 mm,\includegraphics[width=\textwidth]{figs/muon_-250mm_top_profile.png},figs/muon_-250mm_top_profile.png,/mnt/d/SHiP/ej230/results_ej230_analysis/figs/muon_-250mm_top_profile.png,True,131490,.png,True,Pillow:PNG,b742dc4b0d1e2dd029bcd1d3d534d8ba03cd6ba82627e498cda5ce8cf44529bf,analysis/exec07_photon_budget.py,EJ230_ANALYSIS,/mnt/d/SHiP/ej230/results_ej230_analysis/report/figs/muon_-250mm_top_profile.png;/mnt/d/SHiP/ej230/results_ej230_analysis/figs/figs/muon_-250mm_top_profile.png
71,Run 11 $|$ x = -250 mm $|$ Photon arrival $\langle N(t)\rangle$,"\includegraphics[width=\textwidth,height=0.78\textheight,keepaspectratio]{figs/exec11_arrival_-250mm.png}",figs/exec11_arrival_-250mm.png,/mnt/d/SHiP/ej230/results_ej230_analysis/figs/exec11_arrival_-250mm.png,True,211922,.png,True,Pillow:PNG,53865f8604ebc564ac61fc7b6db4f7cce29b266a97df8420758c260f04c6331e,analysis/exec07/exec11_time_arrival.py,EJ230_ANALYSIS,/mnt/d/SHiP/ej230/results_ej230_analysis/report/figs/exec11_arrival_-250mm.png;/mnt/d/SHiP/ej230/results_ej230_analysis/figs/figs/exec11_arrival_-250mm.png
72,Position x=-200 mm,\includegraphics[width=\textwidth]{figs/muon_-200mm_geometry.png},figs/muon_-200mm_geometry.png,/mnt/d/SHiP/ej230/results_ej230_analysis/figs/muon_-200mm_geometry.png,True,85710,.png,True,Pillow:PNG,24643f10d2a91e4a0868a4f5d45cf7937b71687727962b56d76c784ee671320d,analysis/exec07_photon_budget.py,STATIC_GEOMETRY,/mnt/d/SHiP/ej230/results_ej230_analysis/report/figs/muon_-200mm_geometry.png;/mnt/d/SHiP/ej230/results_ej230_analysis/figs/figs/muon_-200mm_geometry.png
72,Position x=-200 mm,\includegraphics[width=\textwidth]{figs/muon_-200mm_top_profile.png},figs/muon_-200mm_top_profile.png,/mnt/d/SHiP/ej230/results_ej230_analysis/figs/muon_-200mm_top_profile.png,True,128479,.png,True,Pillow:PNG,591ffbe580dde87fcb5e7d937186b0f1d61045bba6d23fa3e3297bc648f6c062,analysis/exec07_photon_budget.py,EJ230_ANALYSIS,/mnt/d/SHiP/ej230/results_ej230_analysis/report/figs/muon_-200mm_top_profile.png;/mnt/d/SHiP/ej230/results_ej230_analysis/figs/figs/muon_-200mm_top_profile.png
73,Run 12 $|$ x = -200 mm $|$ Photon arrival $\langle N(t)\rangle$,"\includegraphics[width=\textwidth,height=0.78\textheight,keepaspectratio]{figs/exec11_arrival_-200mm.png}",figs/exec11_arrival_-200mm.png,/mnt/d/SHiP/ej230/results_ej230_analysis/figs/exec11_arrival_-200mm.png,True,207191,.png,True,Pillow:PNG,e1c0cac21c64d6ffcd99e533bfd095adb197b392594e628d15b4f7a56245910a,analysis/exec07/exec11_time_arrival.py,EJ230_ANALYSIS,/mnt/d/SHiP/ej230/results_ej230_analysis/report/figs/exec11_arrival_-200mm.png;/mnt/d/SHiP/ej230/results_ej230_analysis/figs/figs/exec11_arrival_-200mm.png
74,Position x=-150 mm,\includegraphics[width=\textwidth]{figs/muon_-150mm_geometry.png},figs/muon_-150mm_geometry.png,/mnt/d/SHiP/ej230/results_ej230_analysis/figs/muon_-150mm_geometry.png,True,85831,.png,True,Pillow:PNG,18b2ed24b4064ed4ccaf1c3f517a6c7255f4bdc4deb8bbe6f91ceef2b6d6669a,analysis/exec07_photon_budget.py,STATIC_GEOMETRY,/mnt/d/SHiP/ej230/results_ej230_analysis/report/figs/muon_-150mm_geometry.png;/mnt/d/SHiP/ej230/results_ej230_analysis/figs/figs/muon_-150mm_geometry.png
74,Position x=-150 mm,\includegraphics[width=\textwidth]{figs/muon_-150mm_top_profile.png},figs/muon_-150mm_top_profile.png,/mnt/d/SHiP/ej230/results_ej230_analysis/figs/muon_-150mm_top_profile.png,True,130972,.png,True,Pillow:PNG,40e4039efc63214d695ee8962474026366482ad66a3277d1e8a2143b21842c0a,analysis/exec07_photon_budget.py,EJ230_ANALYSIS,/mnt/d/SHiP/ej230/results_ej230_analysis/report/figs/muon_-150mm_top_profile.png;/mnt/d/SHiP/ej230/results_ej230_analysis/figs/figs/muon_-150mm_top_profile.png
75,Run 13 $|$ x = -150 mm $|$ Photon arrival $\langle N(t)\rangle$,"\includegraphics[width=\textwidth,height=0.78\textheight,keepaspectratio]{figs/exec11_arrival_-150mm.png}",figs/exec11_arrival_-150mm.png,/mnt/d/SHiP/ej230/results_ej230_analysis/figs/exec11_arrival_-150mm.png,True,214515,.png,True,Pillow:PNG,d0ab8fc2d62d3fe81935936fb7a1454859f1a10693db9cbbeff8e170b4ce6737,analysis/exec07/exec11_time_arrival.py,EJ230_ANALYSIS,/mnt/d/SHiP/ej230/results_ej230_analysis/report/figs/exec11_arrival_-150mm.png;/mnt/d/SHiP/ej230/results_ej230_analysis/figs/figs/exec11_arrival_-150mm.png
76,Position x=-100 mm,\includegraphics[width=\textwidth]{figs/muon_-100mm_geometry.png},figs/muon_-100mm_geometry.png,/mnt/d/SHiP/ej230/results_ej230_analysis/figs/muon_-100mm_geometry.png,True,86491,.png,True,Pillow:PNG,fbcc0c96d5baa399cc8a935a93d1edc716120a6eaeda73cf9a90068a0c11bd95,analysis/exec07_photon_budget.py,STATIC_GEOMETRY,/mnt/d/SHiP/ej230/results_ej230_analysis/report/figs/muon_-100mm_geometry.png;/mnt/d/SHiP/ej230/results_ej230_analysis/figs/figs/muon_-100mm_geometry.png
76,Position x=-100 mm,\includegraphics[width=\textwidth]{figs/muon_-100mm_top_profile.png},figs/muon_-100mm_top_profile.png,/mnt/d/SHiP/ej230/results_ej230_analysis/figs/muon_-100mm_top_profile.png,True,130050,.png,True,Pillow:PNG,d03d0f13bf47cb111ff1022d6eb7b2422a193494bc8cdbbdadf991c1288b8d62,analysis/exec07_photon_budget.py,EJ230_ANALYSIS,/mnt/d/SHiP/ej230/results_ej230_analysis/report/figs/muon_-100mm_top_profile.png;/mnt/d/SHiP/ej230/results_ej230_analysis/figs/figs/muon_-100mm_top_profile.png
77,Run 14 $|$ x = -100 mm $|$ Photon arrival $\langle N(t)\rangle$,"\includegraphics[width=\textwidth,height=0.78\textheight,keepaspectratio]{figs/exec11_arrival_-100mm.png}",figs/exec11_arrival_-100mm.png,/mnt/d/SHiP/ej230/results_ej230_analysis/figs/exec11_arrival_-100mm.png,True,204685,.png,True,Pillow:PNG,8a880ad51ebb4215abbb2405397ef654834ef918be935b9758b388f3cc060cb0,analysis/exec07/exec11_time_arrival.py,EJ230_ANALYSIS,/mnt/d/SHiP/ej230/results_ej230_analysis/report/figs/exec11_arrival_-100mm.png;/mnt/d/SHiP/ej230/results_ej230_analysis/figs/figs/exec11_arrival_-100mm.png
78,Position x=-50 mm,\includegraphics[width=\textwidth]{figs/muon_-50mm_geometry.png},figs/muon_-50mm_geometry.png,/mnt/d/SHiP/ej230/results_ej230_analysis/figs/muon_-50mm_geometry.png,True,86701,.png,True,Pillow:PNG,e88fecdf6c44c8fa079e890929daac6eda47a8b1917cd93b81d35763c4d840fe,analysis/exec07_photon_budget.py,STATIC_GEOMETRY,/mnt/d/SHiP/ej230/results_ej230_analysis/report/figs/muon_-50mm_geometry.png;/mnt/d/SHiP/ej230/results_ej230_analysis/figs/figs/muon_-50mm_geometry.png
78,Position x=-50 mm,\includegraphics[width=\textwidth]{figs/muon_-50mm_top_profile.png},figs/muon_-50mm_top_profile.png,/mnt/d/SHiP/ej230/results_ej230_analysis/figs/muon_-50mm_top_profile.png,True,130249,.png,True,Pillow:PNG,39b3343345d728570ec211d0eb04ee1a095c7207d296a73e2f61e3d5eaa13a57,analysis/exec07_photon_budget.py,EJ230_ANALYSIS,/mnt/d/SHiP/ej230/results_ej230_analysis/report/figs/muon_-50mm_top_profile.png;/mnt/d/SHiP/ej230/results_ej230_analysis/figs/figs/muon_-50mm_top_profile.png
79,Run 15 $|$ x = -50 mm $|$ Photon arrival $\langle N(t)\rangle$,"\includegraphics[width=\textwidth,height=0.78\textheight,keepaspectratio]{figs/exec11_arrival_-50mm.png}",figs/exec11_arrival_-50mm.png,/mnt/d/SHiP/ej230/results_ej230_analysis/figs/exec11_arrival_-50mm.png,True,208467,.png,True,Pillow:PNG,e1c468bbe7d03754813bb0260ccb6420aba0b426a425ad4baa49688c016c7179,analysis/exec07/exec11_time_arrival.py,EJ230_ANALYSIS,/mnt/d/SHiP/ej230/results_ej230_analysis/report/figs/exec11_arrival_-50mm.png;/mnt/d/SHiP/ej230/results_ej230_analysis/figs/figs/exec11_arrival_-50mm.png
80,Position x=0 mm,\includegraphics[width=\textwidth]{figs/muon_0mm_geometry.png},figs/muon_0mm_geometry.png,/mnt/d/SHiP/ej230/results_ej230_analysis/figs/muon_0mm_geometry.png,True,84485,.png,True,Pillow:PNG,ec7c96e9f94e4694c4c284c70832e776221499a5944fef4c1497fadacebf00bb,analysis/exec07_photon_budget.py,STATIC_GEOMETRY,/mnt/d/SHiP/ej230/results_ej230_analysis/report/figs/muon_0mm_geometry.png;/mnt/d/SHiP/ej230/results_ej230_analysis/figs/figs/muon_0mm_geometry.png
80,Position x=0 mm,\includegraphics[width=\textwidth]{figs/muon_0mm_top_profile.png},figs/muon_0mm_top_profile.png,/mnt/d/SHiP/ej230/results_ej230_analysis/figs/muon_0mm_top_profile.png,True,128228,.png,True,Pillow:PNG,ec37a1771a62e7baf6524948541efa6ddeb40805dbbd51d144c40e3d3a43fcbb,analysis/exec07_photon_budget.py,EJ230_ANALYSIS,/mnt/d/SHiP/ej230/results_ej230_analysis/report/figs/muon_0mm_top_profile.png;/mnt/d/SHiP/ej230/results_ej230_analysis/figs/figs/muon_0mm_top_profile.png
81,Run 16 $|$ x = +0 mm $|$ Photon arrival $\langle N(t)\rangle$,"\includegraphics[width=\textwidth,height=0.78\textheight,keepaspectratio]{figs/exec11_arrival_0mm.png}",figs/exec11_arrival_0mm.png,/mnt/d/SHiP/ej230/results_ej230_analysis/figs/exec11_arrival_0mm.png,True,191246,.png,True,Pillow:PNG,0b28ac05dbf87131900dd95bc2eb2f084f7a4ddacb5fcc057bf24cc505014cd2,analysis/exec07/exec11_time_arrival.py,EJ230_ANALYSIS,/mnt/d/SHiP/ej230/results_ej230_analysis/report/figs/exec11_arrival_0mm.png;/mnt/d/SHiP/ej230/results_ej230_analysis/figs/figs/exec11_arrival_0mm.png
82,Position x=50 mm,\includegraphics[width=\textwidth]{figs/muon_50mm_geometry.png},figs/muon_50mm_geometry.png,/mnt/d/SHiP/ej230/results_ej230_analysis/figs/muon_50mm_geometry.png,True,86244,.png,True,Pillow:PNG,73a179a9c2c527494ac9715f72c750d2e1db42eecf975310ca9f02740598f47c,analysis/exec07_photon_budget.py,STATIC_GEOMETRY,/mnt/d/SHiP/ej230/results_ej230_analysis/report/figs/muon_50mm_geometry.png;/mnt/d/SHiP/ej230/results_ej230_analysis/figs/figs/muon_50mm_geometry.png
82,Position x=50 mm,\includegraphics[width=\textwidth]{figs/muon_50mm_top_profile.png},figs/muon_50mm_top_profile.png,/mnt/d/SHiP/ej230/results_ej230_analysis/figs/muon_50mm_top_profile.png,True,129626,.png,True,Pillow:PNG,f2cd9e67547b79649c2cff543a112a4675dd1a09e92bec7155519f1a82b367d9,analysis/exec07_photon_budget.py,EJ230_ANALYSIS,/mnt/d/SHiP/ej230/results_ej230_analysis/report/figs/muon_50mm_top_profile.png;/mnt/d/SHiP/ej230/results_ej230_analysis/figs/figs/muon_50mm_top_profile.png
83,Run 17 $|$ x = +50 mm $|$ Photon arrival $\langle N(t)\rangle$,"\includegraphics[width=\textwidth,height=0.78\textheight,keepaspectratio]{figs/exec11_arrival_50mm.png}",figs/exec11_arrival_50mm.png,/mnt/d/SHiP/ej230/results_ej230_analysis/figs/exec11_arrival_50mm.png,True,207820,.png,True,Pillow:PNG,c3669cbb1ba09d4f8e809dc6310a1e6a85510ea9e1aa232315a5cac6a894a59e,analysis/exec07/exec11_time_arrival.py,EJ230_ANALYSIS,/mnt/d/SHiP/ej230/results_ej230_analysis/report/figs/exec11_arrival_50mm.png;/mnt/d/SHiP/ej230/results_ej230_analysis/figs/figs/exec11_arrival_50mm.png
84,Position x=100 mm,\includegraphics[width=\textwidth]{figs/muon_100mm_geometry.png},figs/muon_100mm_geometry.png,/mnt/d/SHiP/ej230/results_ej230_analysis/figs/muon_100mm_geometry.png,True,85416,.png,True,Pillow:PNG,aacb92350ce09a0becb82a3879865c8021c84986cbf779fae2e73d343d1816a2,analysis/exec07_photon_budget.py,STATIC_GEOMETRY,/mnt/d/SHiP/ej230/results_ej230_analysis/report/figs/muon_100mm_geometry.png;/mnt/d/SHiP/ej230/results_ej230_analysis/figs/figs/muon_100mm_geometry.png
84,Position x=100 mm,\includegraphics[width=\textwidth]{figs/muon_100mm_top_profile.png},figs/muon_100mm_top_profile.png,/mnt/d/SHiP/ej230/results_ej230_analysis/figs/muon_100mm_top_profile.png,True,129881,.png,True,Pillow:PNG,89305f5e3dc8096ee7a5beb2648e66ddb707247f9285dc5a0f2d6d9b8631073c,analysis/exec07_photon_budget.py,EJ230_ANALYSIS,/mnt/d/SHiP/ej230/results_ej230_analysis/report/figs/muon_100mm_top_profile.png;/mnt/d/SHiP/ej230/results_ej230_analysis/figs/figs/muon_100mm_top_profile.png
85,Run 18 $|$ x = +100 mm $|$ Photon arrival $\langle N(t)\rangle$,"\includegraphics[width=\textwidth,height=0.78\textheight,keepaspectratio]{figs/exec11_arrival_100mm.png}",figs/exec11_arrival_100mm.png,/mnt/d/SHiP/ej230/results_ej230_analysis/figs/exec11_arrival_100mm.png,True,203459,.png,True,Pillow:PNG,7099d4877a0d571f374eb6ff42f2aa4ce714809f80269f42d28cb4ace7259b41,analysis/exec07/exec11_time_arrival.py,EJ230_ANALYSIS,/mnt/d/SHiP/ej230/results_ej230_analysis/report/figs/exec11_arrival_100mm.png;/mnt/d/SHiP/ej230/results_ej230_analysis/figs/figs/exec11_arrival_100mm.png
86,Position x=150 mm,\includegraphics[width=\textwidth]{figs/muon_150mm_geometry.png},figs/muon_150mm_geometry.png,/mnt/d/SHiP/ej230/results_ej230_analysis/figs/muon_150mm_geometry.png,True,86822,.png,True,Pillow:PNG,b7d3f22d4020d9b69abab62d25c0145e430a17e744ad61eb785a5a0565a2c042,analysis/exec07_photon_budget.py,STATIC_GEOMETRY,/mnt/d/SHiP/ej230/results_ej230_analysis/report/figs/muon_150mm_geometry.png;/mnt/d/SHiP/ej230/results_ej230_analysis/figs/figs/muon_150mm_geometry.png
86,Position x=150 mm,\includegraphics[width=\textwidth]{figs/muon_150mm_top_profile.png},figs/muon_150mm_top_profile.png,/mnt/d/SHiP/ej230/results_ej230_analysis/figs/muon_150mm_top_profile.png,True,132085,.png,True,Pillow:PNG,9329857fc9c993ac7f33b8d1a28b013fa6a7f7ce023ced4df00ad9659a42aca3,analysis/exec07_photon_budget.py,EJ230_ANALYSIS,/mnt/d/SHiP/ej230/results_ej230_analysis/report/figs/muon_150mm_top_profile.png;/mnt/d/SHiP/ej230/results_ej230_analysis/figs/figs/muon_150mm_top_profile.png
87,Run 19 $|$ x = +150 mm $|$ Photon arrival $\langle N(t)\rangle$,"\includegraphics[width=\textwidth,height=0.78\textheight,keepaspectratio]{figs/exec11_arrival_150mm.png}",figs/exec11_arrival_150mm.png,/mnt/d/SHiP/ej230/results_ej230_analysis/figs/exec11_arrival_150mm.png,True,212372,.png,True,Pillow:PNG,5369a959edc754c2c6f35f04e261791fde694f0837062e9aed5de3ee8e159b6b,analysis/exec07/exec11_time_arrival.py,EJ230_ANALYSIS,/mnt/d/SHiP/ej230/results_ej230_analysis/report/figs/exec11_arrival_150mm.png;/mnt/d/SHiP/ej230/results_ej230_analysis/figs/figs/exec11_arrival_150mm.png
88,Position x=200 mm,\includegraphics[width=\textwidth]{figs/muon_200mm_geometry.png},figs/muon_200mm_geometry.png,/mnt/d/SHiP/ej230/results_ej230_analysis/figs/muon_200mm_geometry.png,True,88202,.png,True,Pillow:PNG,00b5d95ead1698bf0a80d8712437041416957f64fe78957c3e50044877e4e89a,analysis/exec07_photon_budget.py,STATIC_GEOMETRY,/mnt/d/SHiP/ej230/results_ej230_analysis/report/figs/muon_200mm_geometry.png;/mnt/d/SHiP/ej230/results_ej230_analysis/figs/figs/muon_200mm_geometry.png
88,Position x=200 mm,\includegraphics[width=\textwidth]{figs/muon_200mm_top_profile.png},figs/muon_200mm_top_profile.png,/mnt/d/SHiP/ej230/results_ej230_analysis/figs/muon_200mm_top_profile.png,True,130820,.png,True,Pillow:PNG,4491c3076717373275ddfbcd660dd59b39fc39caa0597d8d88a3e85cd85fd4e0,analysis/exec07_photon_budget.py,EJ230_ANALYSIS,/mnt/d/SHiP/ej230/results_ej230_analysis/report/figs/muon_200mm_top_profile.png;/mnt/d/SHiP/ej230/results_ej230_analysis/figs/figs/muon_200mm_top_profile.png
89,Run 20 $|$ x = +200 mm $|$ Photon arrival $\langle N(t)\rangle$,"\includegraphics[width=\textwidth,height=0.78\textheight,keepaspectratio]{figs/exec11_arrival_200mm.png}",figs/exec11_arrival_200mm.png,/mnt/d/SHiP/ej230/results_ej230_analysis/figs/exec11_arrival_200mm.png,True,207820,.png,True,Pillow:PNG,1cdb140e12ed6ffd8cfbd6f2ea032382486a1a3dd070b48215697cb2059eb150,analysis/exec07/exec11_time_arrival.py,EJ230_ANALYSIS,/mnt/d/SHiP/ej230/results_ej230_analysis/report/figs/exec11_arrival_200mm.png;/mnt/d/SHiP/ej230/results_ej230_analysis/figs/figs/exec11_arrival_200mm.png
90,Position x=250 mm,\includegraphics[width=\textwidth]{figs/muon_250mm_geometry.png},figs/muon_250mm_geometry.png,/mnt/d/SHiP/ej230/results_ej230_analysis/figs/muon_250mm_geometry.png,True,88014,.png,True,Pillow:PNG,e8a7fdb8e2aedfbd60c38064e511fc545ef140e2a04be9d215baebbe10b35825,analysis/exec07_photon_budget.py,STATIC_GEOMETRY,/mnt/d/SHiP/ej230/results_ej230_analysis/report/figs/muon_250mm_geometry.png;/mnt/d/SHiP/ej230/results_ej230_analysis/figs/figs/muon_250mm_geometry.png
90,Position x=250 mm,\includegraphics[width=\textwidth]{figs/muon_250mm_top_profile.png},figs/muon_250mm_top_profile.png,/mnt/d/SHiP/ej230/results_ej230_analysis/figs/muon_250mm_top_profile.png,True,131353,.png,True,Pillow:PNG,2feab3adea45aee75b8f54fa82f934c33a11582a9e832d117a8f59d0e14456e1,analysis/exec07_photon_budget.py,EJ230_ANALYSIS,/mnt/d/SHiP/ej230/results_ej230_analysis/report/figs/muon_250mm_top_profile.png;/mnt/d/SHiP/ej230/results_ej230_analysis/figs/figs/muon_250mm_top_profile.png
91,Run 21 $|$ x = +250 mm $|$ Photon arrival $\langle N(t)\rangle$,"\includegraphics[width=\textwidth,height=0.78\textheight,keepaspectratio]{figs/exec11_arrival_250mm.png}",figs/exec11_arrival_250mm.png,/mnt/d/SHiP/ej230/results_ej230_analysis/figs/exec11_arrival_250mm.png,True,211887,.png,True,Pillow:PNG,d13ad642aad3c0d4d976d2ba170b333f46ce1ac235eb0580913f878efe026ff3,analysis/exec07/exec11_time_arrival.py,EJ230_ANALYSIS,/mnt/d/SHiP/ej230/results_ej230_analysis/report/figs/exec11_arrival_250mm.png;/mnt/d/SHiP/ej230/results_ej230_analysis/figs/figs/exec11_arrival_250mm.png
92,Position x=300 mm,\includegraphics[width=\textwidth]{figs/muon_300mm_geometry.png},figs/muon_300mm_geometry.png,/mnt/d/SHiP/ej230/results_ej230_analysis/figs/muon_300mm_geometry.png,True,86756,.png,True,Pillow:PNG,2c87af3e98e299b66eaf724f3708f2e12ad4e881b87902b484dc0a62ad2ed028,analysis/exec07_photon_budget.py,STATIC_GEOMETRY,/mnt/d/SHiP/ej230/results_ej230_analysis/report/figs/muon_300mm_geometry.png;/mnt/d/SHiP/ej230/results_ej230_analysis/figs/figs/muon_300mm_geometry.png
92,Position x=300 mm,\includegraphics[width=\textwidth]{figs/muon_300mm_top_profile.png},figs/muon_300mm_top_profile.png,/mnt/d/SHiP/ej230/results_ej230_analysis/figs/muon_300mm_top_profile.png,True,129045,.png,True,Pillow:PNG,b7cab178ee5d3e6bdbd9e42ebe832ee48221131b6556ee70d4e3c1b73eb676d1,analysis/exec07_photon_budget.py,EJ230_ANALYSIS,/mnt/d/SHiP/ej230/results_ej230_analysis/report/figs/muon_300mm_top_profile.png;/mnt/d/SHiP/ej230/results_ej230_analysis/figs/figs/muon_300mm_top_profile.png
93,Run 22 $|$ x = +300 mm $|$ Photon arrival $\langle N(t)\rangle$,"\includegraphics[width=\textwidth,height=0.78\textheight,keepaspectratio]{figs/exec11_arrival_300mm.png}",figs/exec11_arrival_300mm.png,/mnt/d/SHiP/ej230/results_ej230_analysis/figs/exec11_arrival_300mm.png,True,204235,.png,True,Pillow:PNG,dd9d5bb85714d232239f191a8bd90e4d4766f8cd5516617b850379f19c8ef27e,analysis/exec07/exec11_time_arrival.py,EJ230_ANALYSIS,/mnt/d/SHiP/ej230/results_ej230_analysis/report/figs/exec11_arrival_300mm.png;/mnt/d/SHiP/ej230/results_ej230_analysis/figs/figs/exec11_arrival_300mm.png
94,Position x=350 mm,\includegraphics[width=\textwidth]{figs/muon_350mm_geometry.png},figs/muon_350mm_geometry.png,/mnt/d/SHiP/ej230/results_ej230_analysis/figs/muon_350mm_geometry.png,True,88488,.png,True,Pillow:PNG,dfb834eb486063a9cc22a84f5ddc3a62ee12c37b44e56cc0f666c62620c3f4af,analysis/exec07_photon_budget.py,STATIC_GEOMETRY,/mnt/d/SHiP/ej230/results_ej230_analysis/report/figs/muon_350mm_geometry.png;/mnt/d/SHiP/ej230/results_ej230_analysis/figs/figs/muon_350mm_geometry.png
94,Position x=350 mm,\includegraphics[width=\textwidth]{figs/muon_350mm_top_profile.png},figs/muon_350mm_top_profile.png,/mnt/d/SHiP/ej230/results_ej230_analysis/figs/muon_350mm_top_profile.png,True,131357,.png,True,Pillow:PNG,24ebe94ac33aad65d966800f83053f8ca517c6d11176e4a72ec94eccaeae36c2,analysis/exec07_photon_budget.py,EJ230_ANALYSIS,/mnt/d/SHiP/ej230/results_ej230_analysis/report/figs/muon_350mm_top_profile.png;/mnt/d/SHiP/ej230/results_ej230_analysis/figs/figs/muon_350mm_top_profile.png
95,Run 23 $|$ x = +350 mm $|$ Photon arrival $\langle N(t)\rangle$,"\includegraphics[width=\textwidth,height=0.78\textheight,keepaspectratio]{figs/exec11_arrival_350mm.png}",figs/exec11_arrival_350mm.png,/mnt/d/SHiP/ej230/results_ej230_analysis/figs/exec11_arrival_350mm.png,True,210990,.png,True,Pillow:PNG,ac5e4dc0b3bb2217f3ef10d6364dbecaa492a8904982fc0eab483148e4477e33,analysis/exec07/exec11_time_arrival.py,EJ230_ANALYSIS,/mnt/d/SHiP/ej230/results_ej230_analysis/report/figs/exec11_arrival_350mm.png;/mnt/d/SHiP/ej230/results_ej230_analysis/figs/figs/exec11_arrival_350mm.png
96,Position x=400 mm,\includegraphics[width=\textwidth]{figs/muon_400mm_geometry.png},figs/muon_400mm_geometry.png,/mnt/d/SHiP/ej230/results_ej230_analysis/figs/muon_400mm_geometry.png,True,86489,.png,True,Pillow:PNG,00b2190c196afa28cb0f8b85b052d91db1af4b9d2aecb1a40288274e4576fc3c,analysis/exec07_photon_budget.py,STATIC_GEOMETRY,/mnt/d/SHiP/ej230/results_ej230_analysis/report/figs/muon_400mm_geometry.png;/mnt/d/SHiP/ej230/results_ej230_analysis/figs/figs/muon_400mm_geometry.png
96,Position x=400 mm,\includegraphics[width=\textwidth]{figs/muon_400mm_top_profile.png},figs/muon_400mm_top_profile.png,/mnt/d/SHiP/ej230/results_ej230_analysis/figs/muon_400mm_top_profile.png,True,127528,.png,True,Pillow:PNG,ef1d14cd8a3f42b0b41156890d74b3e73c02dd22785a382c81154e84a2a8519a,analysis/exec07_photon_budget.py,EJ230_ANALYSIS,/mnt/d/SHiP/ej230/results_ej230_analysis/report/figs/muon_400mm_top_profile.png;/mnt/d/SHiP/ej230/results_ej230_analysis/figs/figs/muon_400mm_top_profile.png
97,Run 24 $|$ x = +400 mm $|$ Photon arrival $\langle N(t)\rangle$,"\includegraphics[width=\textwidth,height=0.78\textheight,keepaspectratio]{figs/exec11_arrival_400mm.png}",figs/exec11_arrival_400mm.png,/mnt/d/SHiP/ej230/results_ej230_analysis/figs/exec11_arrival_400mm.png,True,208226,.png,True,Pillow:PNG,977e0cf85f27d01d89cb1746c11828ab1b6001f2d7f01b84b4ae11b2ab9d4c3c,analysis/exec07/exec11_time_arrival.py,EJ230_ANALYSIS,/mnt/d/SHiP/ej230/results_ej230_analysis/report/figs/exec11_arrival_400mm.png;/mnt/d/SHiP/ej230/results_ej230_analysis/figs/figs/exec11_arrival_400mm.png
98,Position x=450 mm,\includegraphics[width=\textwidth]{figs/muon_450mm_geometry.png},figs/muon_450mm_geometry.png,/mnt/d/SHiP/ej230/results_ej230_analysis/figs/muon_450mm_geometry.png,True,85579,.png,True,Pillow:PNG,87bbcbd4a11e1e5747afdc2d34606413405a92d5727fe74c458d0f7c670b38aa,analysis/exec07_photon_budget.py,STATIC_GEOMETRY,/mnt/d/SHiP/ej230/results_ej230_analysis/report/figs/muon_450mm_geometry.png;/mnt/d/SHiP/ej230/results_ej230_analysis/figs/figs/muon_450mm_geometry.png
98,Position x=450 mm,\includegraphics[width=\textwidth]{figs/muon_450mm_top_profile.png},figs/muon_450mm_top_profile.png,/mnt/d/SHiP/ej230/results_ej230_analysis/figs/muon_450mm_top_profile.png,True,127149,.png,True,Pillow:PNG,0c95f236623be2f1a6d53060d6969e77c1a065ed1a8b8882ad04e931b981c48f,analysis/exec07_photon_budget.py,EJ230_ANALYSIS,/mnt/d/SHiP/ej230/results_ej230_analysis/report/figs/muon_450mm_top_profile.png;/mnt/d/SHiP/ej230/results_ej230_analysis/figs/figs/muon_450mm_top_profile.png
99,Run 25 $|$ x = +450 mm $|$ Photon arrival $\langle N(t)\rangle$,"\includegraphics[width=\textwidth,height=0.78\textheight,keepaspectratio]{figs/exec11_arrival_450mm.png}",figs/exec11_arrival_450mm.png,/mnt/d/SHiP/ej230/results_ej230_analysis/figs/exec11_arrival_450mm.png,True,209545,.png,True,Pillow:PNG,6f0f74ddf53a62c1c49e6ae838e73c1afd19249bd23aad485b1628b491ffc866,analysis/exec07/exec11_time_arrival.py,EJ230_ANALYSIS,/mnt/d/SHiP/ej230/results_ej230_analysis/report/figs/exec11_arrival_450mm.png;/mnt/d/SHiP/ej230/results_ej230_analysis/figs/figs/exec11_arrival_450mm.png
100,Position x=500 mm,\includegraphics[width=\textwidth]{figs/muon_500mm_geometry.png},figs/muon_500mm_geometry.png,/mnt/d/SHiP/ej230/results_ej230_analysis/figs/muon_500mm_geometry.png,True,86218,.png,True,Pillow:PNG,2f9922d2b3da83af04003462af746187fc5e91ddef3c9e1cdbe6b2add388b469,analysis/exec07_photon_budget.py,STATIC_GEOMETRY,/mnt/d/SHiP/ej230/results_ej230_analysis/report/figs/muon_500mm_geometry.png;/mnt/d/SHiP/ej230/results_ej230_analysis/figs/figs/muon_500mm_geometry.png
100,Position x=500 mm,\includegraphics[width=\textwidth]{figs/muon_500mm_top_profile.png},figs/muon_500mm_top_profile.png,/mnt/d/SHiP/ej230/results_ej230_analysis/figs/muon_500mm_top_profile.png,True,124196,.png,True,Pillow:PNG,41d28cee150b5748b492cbb11e26d4beb393db0b7fa15dadca2c70b25bdae4a8,analysis/exec07_photon_budget.py,EJ230_ANALYSIS,/mnt/d/SHiP/ej230/results_ej230_analysis/report/figs/muon_500mm_top_profile.png;/mnt/d/SHiP/ej230/results_ej230_analysis/figs/figs/muon_500mm_top_profile.png
101,Run 26 $|$ x = +500 mm $|$ Photon arrival $\langle N(t)\rangle$,"\includegraphics[width=\textwidth,height=0.78\textheight,keepaspectratio]{figs/exec11_arrival_500mm.png}",figs/exec11_arrival_500mm.png,/mnt/d/SHiP/ej230/results_ej230_analysis/figs/exec11_arrival_500mm.png,True,203660,.png,True,Pillow:PNG,3564ebf3fc968df4342f3ae6e310c926aa0d07b20179c0ac5dc9333d46951b0d,analysis/exec07/exec11_time_arrival.py,EJ230_ANALYSIS,/mnt/d/SHiP/ej230/results_ej230_analysis/report/figs/exec11_arrival_500mm.png;/mnt/d/SHiP/ej230/results_ej230_analysis/figs/figs/exec11_arrival_500mm.png
102,Position x=550 mm,\includegraphics[width=\textwidth]{figs/muon_550mm_geometry.png},figs/muon_550mm_geometry.png,/mnt/d/SHiP/ej230/results_ej230_analysis/figs/muon_550mm_geometry.png,True,86715,.png,True,Pillow:PNG,b9f1d5b0e394ab3a5a0ec4aad0cc707715b8bb931903b5086a3135ffa17e0e1d,analysis/exec07_photon_budget.py,STATIC_GEOMETRY,/mnt/d/SHiP/ej230/results_ej230_analysis/report/figs/muon_550mm_geometry.png;/mnt/d/SHiP/ej230/results_ej230_analysis/figs/figs/muon_550mm_geometry.png
102,Position x=550 mm,\includegraphics[width=\textwidth]{figs/muon_550mm_top_profile.png},figs/muon_550mm_top_profile.png,/mnt/d/SHiP/ej230/results_ej230_analysis/figs/muon_550mm_top_profile.png,True,124104,.png,True,Pillow:PNG,bb5fc4c17cb78d21a567d5dfbc3ca621cbbcfe35f8c98e01668a9984908b63f3,analysis/exec07_photon_budget.py,EJ230_ANALYSIS,/mnt/d/SHiP/ej230/results_ej230_analysis/report/figs/muon_550mm_top_profile.png;/mnt/d/SHiP/ej230/results_ej230_analysis/figs/figs/muon_550mm_top_profile.png
103,Run 27 $|$ x = +550 mm $|$ Photon arrival $\langle N(t)\rangle$,"\includegraphics[width=\textwidth,height=0.78\textheight,keepaspectratio]{figs/exec11_arrival_550mm.png}",figs/exec11_arrival_550mm.png,/mnt/d/SHiP/ej230/results_ej230_analysis/figs/exec11_arrival_550mm.png,True,218482,.png,True,Pillow:PNG,f3a75d656cd8a2eda339857f40da739fc4e1941dbe3d35dca7da42e02db03f1a,analysis/exec07/exec11_time_arrival.py,EJ230_ANALYSIS,/mnt/d/SHiP/ej230/results_ej230_analysis/report/figs/exec11_arrival_550mm.png;/mnt/d/SHiP/ej230/results_ej230_analysis/figs/figs/exec11_arrival_550mm.png
104,Position x=600 mm,\includegraphics[width=\textwidth]{figs/muon_600mm_geometry.png},figs/muon_600mm_geometry.png,/mnt/d/SHiP/ej230/results_ej230_analysis/figs/muon_600mm_geometry.png,True,87810,.png,True,Pillow:PNG,0128c74133bdc9169ebd50f3bb50e33f3941588744121c4318baa92e558edf0d,analysis/exec07_photon_budget.py,STATIC_GEOMETRY,/mnt/d/SHiP/ej230/results_ej230_analysis/report/figs/muon_600mm_geometry.png;/mnt/d/SHiP/ej230/results_ej230_analysis/figs/figs/muon_600mm_geometry.png
104,Position x=600 mm,\includegraphics[width=\textwidth]{figs/muon_600mm_top_profile.png},figs/muon_600mm_top_profile.png,/mnt/d/SHiP/ej230/results_ej230_analysis/figs/muon_600mm_top_profile.png,True,123025,.png,True,Pillow:PNG,ba59259a07fba35e9f16bc4aaa381cd1c5dd0277e4d374537a205cfedcb19603,analysis/exec07_photon_budget.py,EJ230_ANALYSIS,/mnt/d/SHiP/ej230/results_ej230_analysis/report/figs/muon_600mm_top_profile.png;/mnt/d/SHiP/ej230/results_ej230_analysis/figs/figs/muon_600mm_top_profile.png
105,Run 28 $|$ x = +600 mm $|$ Photon arrival $\langle N(t)\rangle$,"\includegraphics[width=\textwidth,height=0.78\textheight,keepaspectratio]{figs/exec11_arrival_600mm.png}",figs/exec11_arrival_600mm.png,/mnt/d/SHiP/ej230/results_ej230_analysis/figs/exec11_arrival_600mm.png,True,203211,.png,True,Pillow:PNG,cd17a1f2d3a6fad7029972939b60ba9bf28c805e9bd8eaaa8b418be80889a07f,analysis/exec07/exec11_time_arrival.py,EJ230_ANALYSIS,/mnt/d/SHiP/ej230/results_ej230_analysis/report/figs/exec11_arrival_600mm.png;/mnt/d/SHiP/ej230/results_ej230_analysis/figs/figs/exec11_arrival_600mm.png
106,Position x=650 mm,\includegraphics[width=\textwidth]{figs/muon_650mm_geometry.png},figs/muon_650mm_geometry.png,/mnt/d/SHiP/ej230/results_ej230_analysis/figs/muon_650mm_geometry.png,True,86380,.png,True,Pillow:PNG,eee428baaf326ab54f6af7528828de722b2000ca1802222896141d31a37714fa,analysis/exec07_photon_budget.py,STATIC_GEOMETRY,/mnt/d/SHiP/ej230/results_ej230_analysis/report/figs/muon_650mm_geometry.png;/mnt/d/SHiP/ej230/results_ej230_analysis/figs/figs/muon_650mm_geometry.png
106,Position x=650 mm,\includegraphics[width=\textwidth]{figs/muon_650mm_top_profile.png},figs/muon_650mm_top_profile.png,/mnt/d/SHiP/ej230/results_ej230_analysis/figs/muon_650mm_top_profile.png,True,118119,.png,True,Pillow:PNG,15b565b055df9d06ed855160cd2b25143fd16647e6a009c362802b3a726e17e3,analysis/exec07_photon_budget.py,EJ230_ANALYSIS,/mnt/d/SHiP/ej230/results_ej230_analysis/report/figs/muon_650mm_top_profile.png;/mnt/d/SHiP/ej230/results_ej230_analysis/figs/figs/muon_650mm_top_profile.png
107,Run 29 $|$ x = +650 mm $|$ Photon arrival $\langle N(t)\rangle$,"\includegraphics[width=\textwidth,height=0.78\textheight,keepaspectratio]{figs/exec11_arrival_650mm.png}",figs/exec11_arrival_650mm.png,/mnt/d/SHiP/ej230/results_ej230_analysis/figs/exec11_arrival_650mm.png,True,214913,.png,True,Pillow:PNG,e22d521df7946d598e70c56054ed54c89a6389ed25b82376519afb39376df856,analysis/exec07/exec11_time_arrival.py,EJ230_ANALYSIS,/mnt/d/SHiP/ej230/results_ej230_analysis/report/figs/exec11_arrival_650mm.png;/mnt/d/SHiP/ej230/results_ej230_analysis/figs/figs/exec11_arrival_650mm.png
108,Position x=670 mm,\includegraphics[width=\textwidth]{figs/muon_670mm_geometry.png},figs/muon_670mm_geometry.png,/mnt/d/SHiP/ej230/results_ej230_analysis/figs/muon_670mm_geometry.png,True,86699,.png,True,Pillow:PNG,85c5963811c89e69a31d56e91283ce4f3b708d9236c17942706da4c37f067306,analysis/exec07_photon_budget.py,STATIC_GEOMETRY,/mnt/d/SHiP/ej230/results_ej230_analysis/report/figs/muon_670mm_geometry.png;/mnt/d/SHiP/ej230/results_ej230_analysis/figs/figs/muon_670mm_geometry.png
108,Position x=670 mm,\includegraphics[width=\textwidth]{figs/muon_670mm_top_profile.png},figs/muon_670mm_top_profile.png,/mnt/d/SHiP/ej230/results_ej230_analysis/figs/muon_670mm_top_profile.png,True,115175,.png,True,Pillow:PNG,cb5812e218dfc3e6cb80b82736520464509ecf03afd9ea43ba25bf5eeae37d9d,analysis/exec07_photon_budget.py,EJ230_ANALYSIS,/mnt/d/SHiP/ej230/results_ej230_analysis/report/figs/muon_670mm_top_profile.png;/mnt/d/SHiP/ej230/results_ej230_analysis/figs/figs/muon_670mm_top_profile.png
109,Run 30 $|$ x = +670 mm $|$ Photon arrival $\langle N(t)\rangle$,"\includegraphics[width=\textwidth,height=0.78\textheight,keepaspectratio]{figs/exec11_arrival_670mm.png}",figs/exec11_arrival_670mm.png,/mnt/d/SHiP/ej230/results_ej230_analysis/figs/exec11_arrival_670mm.png,True,221144,.png,True,Pillow:PNG,6ec343a9030706500cb8b2ead840823c672ce12f4f89c3e92fd8db676f9a3829,analysis/exec07/exec11_time_arrival.py,EJ230_ANALYSIS,/mnt/d/SHiP/ej230/results_ej230_analysis/report/figs/exec11_arrival_670mm.png;/mnt/d/SHiP/ej230/results_ej230_analysis/figs/figs/exec11_arrival_670mm.png
110,Position x=690 mm,\includegraphics[width=\textwidth]{figs/muon_690mm_geometry.png},figs/muon_690mm_geometry.png,/mnt/d/SHiP/ej230/results_ej230_analysis/figs/muon_690mm_geometry.png,True,87200,.png,True,Pillow:PNG,66280078231a14112bab02f40cf67a7641fb2c9beac5c6171e20f62ddec4add5,analysis/exec07_photon_budget.py,STATIC_GEOMETRY,/mnt/d/SHiP/ej230/results_ej230_analysis/report/figs/muon_690mm_geometry.png;/mnt/d/SHiP/ej230/results_ej230_analysis/figs/figs/muon_690mm_geometry.png
110,Position x=690 mm,\includegraphics[width=\textwidth]{figs/muon_690mm_top_profile.png},figs/muon_690mm_top_profile.png,/mnt/d/SHiP/ej230/results_ej230_analysis/figs/muon_690mm_top_profile.png,True,114202,.png,True,Pillow:PNG,64df452f1434716815ad2c4998aea01c9fd771db69041537618fbb57336fbd6f,analysis/exec07_photon_budget.py,EJ230_ANALYSIS,/mnt/d/SHiP/ej230/results_ej230_analysis/report/figs/muon_690mm_top_profile.png;/mnt/d/SHiP/ej230/results_ej230_analysis/figs/figs/muon_690mm_top_profile.png
111,Run 31 $|$ x = +690 mm $|$ Photon arrival $\langle N(t)\rangle$,"\includegraphics[width=\textwidth,height=0.78\textheight,keepaspectratio]{figs/exec11_arrival_690mm.png}",figs/exec11_arrival_690mm.png,/mnt/d/SHiP/ej230/results_ej230_analysis/figs/exec11_arrival_690mm.png,True,226340,.png,True,Pillow:PNG,64017cb1e79b449e861f887059513ba26e249778a39f6fc70f93594a77666ecd,analysis/exec07/exec11_time_arrival.py,EJ230_ANALYSIS,/mnt/d/SHiP/ej230/results_ej230_analysis/report/figs/exec11_arrival_690mm.png;/mnt/d/SHiP/ej230/results_ej230_analysis/figs/figs/exec11_arrival_690mm.png
113,Backup: ID18 impact maps,"\includegraphics[width=\textwidth,height=0.78\textheight,keepaspectratio]{figs/exec08b_id18_impact_maps.png}",figs/exec08b_id18_impact_maps.png,/mnt/d/SHiP/ej230/results_ej230_analysis/figs/exec08b_id18_impact_maps.png,True,369275,.png,True,Pillow:PNG,2a46fcf3fc35d777ead1129cc14793a2990fed1ceefe2efba762f0308245c29d,analysis/exec07/exec08b_window_dip.py,FORBIDDEN_EJ204_COPY,/mnt/d/SHiP/ej230/results_ej230_analysis/report/figs/exec08b_id18_impact_maps.png;/mnt/d/SHiP/ej230/results_ej230_analysis/figs/figs/exec08b_id18_impact_maps.png
117,Backup: EndTop versus End-only tail audit,"\includegraphics[width=\textwidth,height=0.78\textheight,keepaspectratio]{figs/exec09_tail_comparison.png}",figs/exec09_tail_comparison.png,/mnt/d/SHiP/ej230/results_ej230_analysis/figs/exec09_tail_comparison.png,True,342461,.png,True,Pillow:PNG,49d7d21fedd9c22ab800bb3dcf300e2546b360a51f69876c13948f627cbc6b06,analysis/exec07/exec09_timing_mechanism.py,FORBIDDEN_EJ204_COPY,/mnt/d/SHiP/ej230/results_ej230_analysis/report/figs/exec09_tail_comparison.png;/mnt/d/SHiP/ej230/results_ej230_analysis/figs/figs/exec09_tail_comparison.png
